kind,size_bytes,depth,gap_ps,burst_messages,senders,qps,loss_ppm,offered_pps,offered_bps,messages,completions,errors,packets_issued,packets_retransmitted,recovery_episodes,timeouts,payload_bytes,wire_bytes,first_packet_ps,last_completion_ps,warm_start_ps,warm_payload_bytes,gap_time_ps,injected_losses,rx_packets_offered,rx_packets_delivered,rx_payload_bytes,rx_bytes_phy,rx_discards_phy,rx_discards_meter,rx_discards_rate,rx_discards_sequence,rx_high_watermark,out_of_sequence,packet_seq_err,roce_adp_retrans,local_ack_timeout_err,np_ecn_marked,tx_pause_ctrl_phy,late_releases,sender0_payload_bytes,sender1_payload_bytes,replay_identical,goodput_gbps,steady_gbps,in_burst_gbps,delivered_mpps
gap,8192,1024,0,128,1,1,0,0,0,8192,8192,0,19399,3015,335,0,79458304,80699840,2340000,6550988536,3163836981,33554432,0,0,19399,16384,67108864,80699840,335,335,0,2680,262016,335,335,3015,0,0,5,0,67108864,0,1,81.9527,79.2511,81.9527,
gap,8192,1024,4000000,128,1,1,0,0,0,8192,8192,0,16384,0,0,0,67108864,68157440,2340000,6067472958,3031736479,33554432,252000000,0,16384,16384,67108864,68157440,0,0,0,0,25859,0,0,0,0,0,0,0,67108864,0,1,88.4834,88.4252,92.3177,
gap,8192,1024,100000000,128,1,1,0,0,0,8192,8192,0,16384,0,0,0,67108864,68157440,2340000,12115472958,6007736479,33554432,6300000000,0,16384,16384,67108864,68157440,0,0,0,0,25859,0,0,0,0,0,0,0,67108864,0,1,44.3128,43.9501,92.3177,
gap,8192,1024,368000000,128,1,1,0,0,0,8192,8192,0,16384,0,0,0,67108864,68157440,2340000,28999472958,14315736479,33554432,23184000000,0,16384,16384,67108864,68157440,0,0,0,0,25859,0,0,0,0,0,0,0,67108864,0,1,18.5131,18.2811,92.3177,
gap,65536,1024,0,128,1,1,0,0,0,1024,1024,0,19399,3015,335,0,79458304,80699840,2340000,6550988536,3163836981,33554432,0,0,19399,16384,67108864,80699840,335,335,0,2680,262016,335,335,3015,0,0,5,0,67108864,0,1,81.9527,79.2511,81.9527,
gap,65536,1024,4000000,128,1,1,0,0,0,1024,1024,0,17460,1076,120,0,71516160,72633600,2340000,5957056320,2912877892,33554432,28000000,0,17460,16384,67108864,72633600,120,120,0,956,262016,120,120,1076,0,0,1,0,67108864,0,1,90.1235,88.1799,90.5491,
gap,65536,1024,100000000,128,1,1,0,0,0,1024,1024,0,16384,0,0,0,67108864,68157440,2340000,6264854284,3082427140,33554432,700000000,0,16384,16384,67108864,68157440,0,0,0,0,178343,0,0,0,0,0,0,0,67108864,0,1,85.6957,84.3493,96.4753,
gap,65536,1024,368000000,128,1,1,0,0,0,1024,1024,0,16384,0,0,0,67108864,68157440,2340000,8140854284,3886427140,33554432,2576000000,0,16384,16384,67108864,68157440,0,0,0,0,178343,0,0,0,0,0,0,0,67108864,0,1,65.9477,63.0956,96.4753,
gap,1048576,1024,0,128,1,1,0,0,0,384,384,0,119805,21501,2389,0,490721280,498388800,2340000,40434652882,20105669154,201326592,0,0,119805,98304,402653184,498388800,2389,2389,0,19112,262016,2389,2389,21501,0,0,37,0,402653184,0,1,79.6650,79.2274,79.6650,
gap,1048576,1024,4000000,128,1,1,0,0,0,384,384,0,119263,20959,2329,0,488501248,496134080,2340000,40269109811,20023028525,201326592,8000000,0,119263,98304,402653184,496134080,2329,2329,0,18630,262016,2329,2329,20959,0,0,36,0,402653184,0,1,79.9925,79.5518,80.0084,
gap,1048576,1024,100000000,128,1,1,0,0,0,384,384,0,118446,20142,2238,0,485154816,492735360,2340000,40184986537,19979317382,201326592,200000000,0,118446,98304,402653184,492735360,2238,2238,0,17904,262016,2238,2238,20142,0,0,34,0,402653184,0,1,80.1599,79.7109,80.5609,
gap,1048576,1024,368000000,128,1,1,0,0,0,384,384,0,118446,20142,2238,0,485154816,492735360,2340000,40720986537,20247317382,201326592,736000000,0,118446,98304,402653184,492735360,2238,2238,0,17904,262016,2238,2238,20142,0,0,34,0,402653184,0,1,79.1048,78.6675,80.5609,
depth,8192,1,0,0,1,1,0,0,0,256,256,0,512,0,0,0,2097152,2129920,2340000,1318468231,659234111,1048576,0,0,512,512,2097152,2129920,0,0,0,0,4246,0,0,0,0,0,0,0,2097152,0,1,12.7248,,,
depth,65536,1,0,0,1,1,0,0,0,256,256,0,4096,0,0,0,16777216,17039360,2340000,2527948272,1263974136,8388608,0,0,4096,4096,16777216,17039360,0,0,0,0,5437,0,0,0,0,0,0,0,16777216,0,1,53.0935,,,
ud,2048,1,0,128,1,1,0,2000000,0,200000,200000,0,0,0,0,0,0,0,0,100000000000,0,0,0,0,200000,200000,409600000,422400000,0,0,0,0,2112,0,0,0,0,0,0,0,0,0,1,,,,2.0000
ud,2048,1,0,128,1,1,0,3000000,0,200000,200000,0,0,0,0,0,0,0,0,66666600000,0,0,0,0,200000,200000,409600000,422400000,0,0,0,0,2112,0,0,0,0,0,0,0,0,0,1,,,,3.0000
ud,2048,1,0,128,1,1,0,4000000,0,200000,153500,0,0,0,0,0,0,0,0,50000000000,0,0,0,0,200000,153500,314368000,422400000,46500,0,46500,0,2112,0,0,0,0,0,726,0,0,0,1,,,,3.0700
ud,2048,1,0,128,1,1,0,5850000,0,200000,104957,0,0,0,0,0,0,0,0,34188000000,0,0,0,0,200000,104957,214951936,422400000,95043,0,95043,0,2160,0,0,0,0,0,1485,0,0,0,1,,,,3.0700
ud,2048,1,0,128,1,4,0,8000000,0,800000,571856,0,0,0,0,0,0,0,0,100000000000,0,0,0,0,800000,571856,1171161088,1689600000,228144,228144,0,0,262016,0,0,0,0,0,3564,0,0,0,1,,,,5.7186
ud,2048,1,0,128,1,4,0,12000000,0,800000,381277,0,0,0,0,0,0,0,0,66666400000,0,0,0,0,800000,381277,780855296,1689600000,418723,418649,74,0,262016,0,0,0,0,0,6542,0,0,0,1,,,,5.7192
ud,2048,1,0,128,1,4,0,16000000,0,800000,285990,0,0,0,0,0,0,0,0,50000000000,0,0,0,0,800000,285990,585707520,1689600000,514010,513811,199,0,262016,0,0,0,0,0,8031,0,0,0,1,,,,5.7198
ud,2048,1,0,128,1,4,0,23400000,0,800000,195587,0,0,0,0,0,0,0,0,34188000000,0,0,0,0,800000,195587,400562176,1689600000,604413,524469,79944,0,262016,0,0,0,0,0,9443,0,0,0,1,,,,5.7209
ud_supplement,1024,1,0,128,1,4,0,23400000,0,800000,329914,0,0,0,0,0,0,0,0,34188000000,0,0,0,0,800000,329914,337831936,870400000,470086,0,470086,0,1200,0,0,0,0,0,7345,0,0,0,1,,,,9.6500
incast,65536,16,0,128,2,1,5000,0,48550000000,64,128,0,2584,536,125,0,10584064,10749440,2340000,871109098,391640704,4194304,0,7,2577,2048,8388608,10720320,15,15,0,379,262016,125,125,536,0,0,0,0,4194304,4194304,1,77.0384,,,
incast,1048576,16,0,128,2,1,5000,0,48550000000,8,16,0,301137,297041,116085,4,1233457152,1252729920,2340000,146351112151,81844577280,8388608,0,1472,299665,4096,16777216,1246606400,8704,8704,0,120222,262014,117013,116081,297041,0,0,136,0,8388608,8388608,1,0.9171,,,
incast,65536,16,0,128,2,1,16500,0,48550000000,64,128,0,17433,15385,5013,2,71405568,72521280,2340000,70942134306,69783511282,4194304,0,311,17122,2048,8388608,71227520,209,209,0,6281,262014,5025,5011,15385,0,0,3,0,4194304,4194304,1,0.9460,,,
incast,1048576,16,0,128,2,1,16500,0,48550000000,8,16,0,346041,341945,130559,6,1417383936,1439530560,2340000,203108411006,201663338781,8388608,0,5625,340416,4096,16777216,1416130560,6080,6080,0,135323,262014,131429,130553,341945,0,0,95,0,8388608,8388608,1,0.6608,,,
incast,65536,16,0,128,2,1,50000,0,48550000000,64,128,0,14521,12473,3866,6,59478016,60407360,2340000,202274471933,134959919139,4194304,0,714,13807,2048,8388608,57437120,0,0,0,5173,35319,3869,3860,12473,0,0,0,0,4194304,4194304,1,0.3318,,,
incast,1048576,16,0,128,2,1,50000,0,48550000000,8,16,0,430507,426411,159474,7,1763356672,1790909120,2340000,268911084526,201466909760,8388608,0,21510,408997,4096,16777216,1701427520,0,0,0,164315,46659,160516,159467,426411,0,0,0,0,8388608,8388608,1,0.4991,,,
incast_headroom,65536,16,0,128,2,1,5000,0,24000000000,256,512,0,8677,485,62,0,35540992,36096320,2340000,5597309994,2794729771,16777216,0,45,8632,8192,33554432,35909120,0,0,0,422,11715,62,62,485,0,0,0,0,16777216,16777216,1,47.9579,,,
incast_headroom,65536,16,0,128,2,1,16500,0,24000000000,256,512,0,9956,1764,294,1,40779776,41416960,2340000,72694541593,2794729771,16777216,0,175,9781,8192,33554432,40688960,0,0,0,1416,22148,293,293,1764,0,0,0,0,16777216,16777216,1,3.6926,,,
incast_headroom,65536,16,0,128,2,1,50000,0,24000000000,256,512,0,21520,13328,4265,13,88145920,89523200,2340000,473796652388,205172552857,16777216,0,1111,20409,8192,33554432,84901440,0,0,0,7375,28305,4350,4252,13328,0,0,0,0,16777216,16777216,1,0.5666,,,
simplex,65536,16,0,128,1,1,0,0,93400000000,256,256,0,4096,0,0,0,16777216,17039360,2340000,1441281853,722771645,8388608,0,0,4096,4096,16777216,17039360,0,0,0,0,5437,0,0,0,0,0,0,0,16777216,0,1,93.1239,,,
duplex,65536,16,0,128,1,1,0,0,91800000000,256,256,0,4096,0,0,0,16777216,17039360,2340000,1466230288,735196944,8388608,0,0,4096,4096,16777216,17039360,0,0,0,0,5437,0,0,0,0,0,0,0,16777216,0,1,91.5393,,,
