operation,ranks,operation_buffer_bytes,median_us,minimum_us,maximum_us,p05_us_nearest_rank,p95_us_nearest_rank,job_id,nodelist,freeze_commit,harness_commit,gpu,cuda_module,nccl_version,network_classes,gdr_states,source_sha256,binary_sha256,nccl_sha256
all_gather,2,512,60.416002,37.8880016506,79.8719972372,38.9119982719,65.5359998345,202445,gpu105,3f0aa24ea16573e3fc2ca030d541009cf308d12f,dc211d81d86a422d6f79aa41cbb52c30038797e3,NVIDIA A100-SXM4-80GB,cuda/12.2.2,23102,Socket,1,84c39ea204f0739363dcefb5be4068870499c3fb33eb0838df4ee2b5258495fe,c838cecde8653cee30724127c105668f4bdfe45d05067b163082e180f3f2893a,dba12e429fe11268b895d0531ba96a7f679f35227d5b1ec77c5febbcd02281bd
all_gather,2,2048,60.416002,37.8880016506,80.8959975839,38.9119982719,68.6080008745,202445,gpu105,3f0aa24ea16573e3fc2ca030d541009cf308d12f,dc211d81d86a422d6f79aa41cbb52c30038797e3,NVIDIA A100-SXM4-80GB,cuda/12.2.2,23102,Socket,1,84c39ea204f0739363dcefb5be4068870499c3fb33eb0838df4ee2b5258495fe,c838cecde8653cee30724127c105668f4bdfe45d05067b163082e180f3f2893a,dba12e429fe11268b895d0531ba96a7f679f35227d5b1ec77c5febbcd02281bd
all_gather,2,8192,61.439998,39.9359986186,68.6080008745,39.9359986186,65.5359998345,202445,gpu105,3f0aa24ea16573e3fc2ca030d541009cf308d12f,dc211d81d86a422d6f79aa41cbb52c30038797e3,NVIDIA A100-SXM4-80GB,cuda/12.2.2,23102,Socket,1,84c39ea204f0739363dcefb5be4068870499c3fb33eb0838df4ee2b5258495fe,c838cecde8653cee30724127c105668f4bdfe45d05067b163082e180f3f2893a,dba12e429fe11268b895d0531ba96a7f679f35227d5b1ec77c5febbcd02281bd
all_gather,2,32768,64.511999,40.9599989653,68.6080008745,40.9599989653,66.5600001812,202445,gpu105,3f0aa24ea16573e3fc2ca030d541009cf308d12f,dc211d81d86a422d6f79aa41cbb52c30038797e3,NVIDIA A100-SXM4-80GB,cuda/12.2.2,23102,Socket,1,84c39ea204f0739363dcefb5be4068870499c3fb33eb0838df4ee2b5258495fe,c838cecde8653cee30724127c105668f4bdfe45d05067b163082e180f3f2893a,dba12e429fe11268b895d0531ba96a7f679f35227d5b1ec77c5febbcd02281bd
all_gather,2,65536,65.536,41.9839993119,69.6320012212,41.9839993119,68.6080008745,202445,gpu105,3f0aa24ea16573e3fc2ca030d541009cf308d12f,dc211d81d86a422d6f79aa41cbb52c30038797e3,NVIDIA A100-SXM4-80GB,cuda/12.2.2,23102,Socket,1,84c39ea204f0739363dcefb5be4068870499c3fb33eb0838df4ee2b5258495fe,c838cecde8653cee30724127c105668f4bdfe45d05067b163082e180f3f2893a,dba12e429fe11268b895d0531ba96a7f679f35227d5b1ec77c5febbcd02281bd
all_gather,2,131072,67.584001,44.0320000052,70.6560015678,44.0320000052,69.6320012212,202445,gpu105,3f0aa24ea16573e3fc2ca030d541009cf308d12f,dc211d81d86a422d6f79aa41cbb52c30038797e3,NVIDIA A100-SXM4-80GB,cuda/12.2.2,23102,Socket,1,84c39ea204f0739363dcefb5be4068870499c3fb33eb0838df4ee2b5258495fe,c838cecde8653cee30724127c105668f4bdfe45d05067b163082e180f3f2893a,dba12e429fe11268b895d0531ba96a7f679f35227d5b1ec77c5febbcd02281bd
all_gather,2,196608,68.608001,44.0320000052,79.8719972372,45.0560003519,72.7040022612,202445,gpu105,3f0aa24ea16573e3fc2ca030d541009cf308d12f,dc211d81d86a422d6f79aa41cbb52c30038797e3,NVIDIA A100-SXM4-80GB,cuda/12.2.2,23102,Socket,1,84c39ea204f0739363dcefb5be4068870499c3fb33eb0838df4ee2b5258495fe,c838cecde8653cee30724127c105668f4bdfe45d05067b163082e180f3f2893a,dba12e429fe11268b895d0531ba96a7f679f35227d5b1ec77c5febbcd02281bd
all_gather,2,262144,69.632001,46.0800006986,77.8239965439,46.0800006986,77.8239965439,202445,gpu105,3f0aa24ea16573e3fc2ca030d541009cf308d12f,dc211d81d86a422d6f79aa41cbb52c30038797e3,NVIDIA A100-SXM4-80GB,cuda/12.2.2,23102,Socket,1,84c39ea204f0739363dcefb5be4068870499c3fb33eb0838df4ee2b5258495fe,c838cecde8653cee30724127c105668f4bdfe45d05067b163082e180f3f2893a,dba12e429fe11268b895d0531ba96a7f679f35227d5b1ec77c5febbcd02281bd
all_gather,2,393216,71.680002,49.1520017385,80.8959975839,49.1520017385,74.7520029545,202445,gpu105,3f0aa24ea16573e3fc2ca030d541009cf308d12f,dc211d81d86a422d6f79aa41cbb52c30038797e3,NVIDIA A100-SXM4-80GB,cuda/12.2.2,23102,Socket,1,84c39ea204f0739363dcefb5be4068870499c3fb33eb0838df4ee2b5258495fe,c838cecde8653cee30724127c105668f4bdfe45d05067b163082e180f3f2893a,dba12e429fe11268b895d0531ba96a7f679f35227d5b1ec77c5febbcd02281bd
all_gather,2,524288,74.752003,51.1999987066,89.0880003572,52.2239990532,88.0640000105,202445,gpu105,3f0aa24ea16573e3fc2ca030d541009cf308d12f,dc211d81d86a422d6f79aa41cbb52c30038797e3,NVIDIA A100-SXM4-80GB,cuda/12.2.2,23102,Socket,1,84c39ea204f0739363dcefb5be4068870499c3fb33eb0838df4ee2b5258495fe,c838cecde8653cee30724127c105668f4bdfe45d05067b163082e180f3f2893a,dba12e429fe11268b895d0531ba96a7f679f35227d5b1ec77c5febbcd02281bd
all_gather,2,655360,79.871997,56.3200004399,83.9679986238,56.3200004399,82.9439982772,202445,gpu105,3f0aa24ea16573e3fc2ca030d541009cf308d12f,dc211d81d86a422d6f79aa41cbb52c30038797e3,NVIDIA A100-SXM4-80GB,cuda/12.2.2,23102,Socket,1,84c39ea204f0739363dcefb5be4068870499c3fb33eb0838df4ee2b5258495fe,c838cecde8653cee30724127c105668f4bdfe45d05067b163082e180f3f2893a,dba12e429fe11268b895d0531ba96a7f679f35227d5b1ec77c5febbcd02281bd
all_gather,2,786432,91.136001,67.5840005279,105.471998453,68.6080008745,98.3040034771,202445,gpu105,3f0aa24ea16573e3fc2ca030d541009cf308d12f,dc211d81d86a422d6f79aa41cbb52c30038797e3,NVIDIA A100-SXM4-80GB,cuda/12.2.2,23102,Socket,1,84c39ea204f0739363dcefb5be4068870499c3fb33eb0838df4ee2b5258495fe,c838cecde8653cee30724127c105668f4bdfe45d05067b163082e180f3f2893a,dba12e429fe11268b895d0531ba96a7f679f35227d5b1ec77c5febbcd02281bd
all_gather,2,917504,93.184002,68.6080008745,103.42399776,69.6320012212,100.35199672,202445,gpu105,3f0aa24ea16573e3fc2ca030d541009cf308d12f,dc211d81d86a422d6f79aa41cbb52c30038797e3,NVIDIA A100-SXM4-80GB,cuda/12.2.2,23102,Socket,1,84c39ea204f0739363dcefb5be4068870499c3fb33eb0838df4ee2b5258495fe,c838cecde8653cee30724127c105668f4bdfe45d05067b163082e180f3f2893a,dba12e429fe11268b895d0531ba96a7f679f35227d5b1ec77c5febbcd02281bd
all_gather,2,1048576,93.184002,69.6320012212,113.664001226,70.6560015678,108.543999493,202445,gpu105,3f0aa24ea16573e3fc2ca030d541009cf308d12f,dc211d81d86a422d6f79aa41cbb52c30038797e3,NVIDIA A100-SXM4-80GB,cuda/12.2.2,23102,Socket,1,84c39ea204f0739363dcefb5be4068870499c3fb33eb0838df4ee2b5258495fe,c838cecde8653cee30724127c105668f4bdfe45d05067b163082e180f3f2893a,dba12e429fe11268b895d0531ba96a7f679f35227d5b1ec77c5febbcd02281bd
all_gather,2,1179648,93.184002,71.6800019145,98.3040034771,72.7040022612,98.3040034771,202445,gpu105,3f0aa24ea16573e3fc2ca030d541009cf308d12f,dc211d81d86a422d6f79aa41cbb52c30038797e3,NVIDIA A100-SXM4-80GB,cuda/12.2.2,23102,Socket,1,84c39ea204f0739363dcefb5be4068870499c3fb33eb0838df4ee2b5258495fe,c838cecde8653cee30724127c105668f4bdfe45d05067b163082e180f3f2893a,dba12e429fe11268b895d0531ba96a7f679f35227d5b1ec77c5febbcd02281bd
all_gather,2,1310720,95.232002,71.6800019145,113.664001226,72.7040022612,99.3279963732,202445,gpu105,3f0aa24ea16573e3fc2ca030d541009cf308d12f,dc211d81d86a422d6f79aa41cbb52c30038797e3,NVIDIA A100-SXM4-80GB,cuda/12.2.2,23102,Socket,1,84c39ea204f0739363dcefb5be4068870499c3fb33eb0838df4ee2b5258495fe,c838cecde8653cee30724127c105668f4bdfe45d05067b163082e180f3f2893a,dba12e429fe11268b895d0531ba96a7f679f35227d5b1ec77c5febbcd02281bd
all_gather,2,1572864,97.280003,74.7520029545,11019.2642212,75.7760033011,124.927997589,202445,gpu105,3f0aa24ea16573e3fc2ca030d541009cf308d12f,dc211d81d86a422d6f79aa41cbb52c30038797e3,NVIDIA A100-SXM4-80GB,cuda/12.2.2,23102,Socket,1,84c39ea204f0739363dcefb5be4068870499c3fb33eb0838df4ee2b5258495fe,c838cecde8653cee30724127c105668f4bdfe45d05067b163082e180f3f2893a,dba12e429fe11268b895d0531ba96a7f679f35227d5b1ec77c5febbcd02281bd
all_gather,2,2097152,104.447998,79.8719972372,123.903997242,79.8719972372,109.56799984,202445,gpu105,3f0aa24ea16573e3fc2ca030d541009cf308d12f,dc211d81d86a422d6f79aa41cbb52c30038797e3,NVIDIA A100-SXM4-80GB,cuda/12.2.2,23102,Socket,1,84c39ea204f0739363dcefb5be4068870499c3fb33eb0838df4ee2b5258495fe,c838cecde8653cee30724127c105668f4bdfe45d05067b163082e180f3f2893a,dba12e429fe11268b895d0531ba96a7f679f35227d5b1ec77c5febbcd02281bd
all_gather,2,3145728,115.712002,90.1120007038,134.143993258,91.1360010505,126.975998282,202445,gpu105,3f0aa24ea16573e3fc2ca030d541009cf308d12f,dc211d81d86a422d6f79aa41cbb52c30038797e3,NVIDIA A100-SXM4-80GB,cuda/12.2.2,23102,Socket,1,84c39ea204f0739363dcefb5be4068870499c3fb33eb0838df4ee2b5258495fe,c838cecde8653cee30724127c105668f4bdfe45d05067b163082e180f3f2893a,dba12e429fe11268b895d0531ba96a7f679f35227d5b1ec77c5febbcd02281bd
all_gather,2,4194304,124.927998,100.35199672,171.008005738,100.35199672,134.143993258,202445,gpu105,3f0aa24ea16573e3fc2ca030d541009cf308d12f,dc211d81d86a422d6f79aa41cbb52c30038797e3,NVIDIA A100-SXM4-80GB,cuda/12.2.2,23102,Socket,1,84c39ea204f0739363dcefb5be4068870499c3fb33eb0838df4ee2b5258495fe,c838cecde8653cee30724127c105668f4bdfe45d05067b163082e180f3f2893a,dba12e429fe11268b895d0531ba96a7f679f35227d5b1ec77c5febbcd02281bd
all_gather,2,8388608,164.864004,142.335996032,172.031998634,142.335996032,169.983997941,202445,gpu105,3f0aa24ea16573e3fc2ca030d541009cf308d12f,dc211d81d86a422d6f79aa41cbb52c30038797e3,NVIDIA A100-SXM4-80GB,cuda/12.2.2,23102,Socket,1,84c39ea204f0739363dcefb5be4068870499c3fb33eb0838df4ee2b5258495fe,c838cecde8653cee30724127c105668f4bdfe45d05067b163082e180f3f2893a,dba12e429fe11268b895d0531ba96a7f679f35227d5b1ec77c5febbcd02281bd
all_gather,2,16777216,254.976004,233.472004533,264.19198513,234.495997429,261.119991541,202445,gpu105,3f0aa24ea16573e3fc2ca030d541009cf308d12f,dc211d81d86a422d6f79aa41cbb52c30038797e3,NVIDIA A100-SXM4-80GB,cuda/12.2.2,23102,Socket,1,84c39ea204f0739363dcefb5be4068870499c3fb33eb0838df4ee2b5258495fe,c838cecde8653cee30724127c105668f4bdfe45d05067b163082e180f3f2893a,dba12e429fe11268b895d0531ba96a7f679f35227d5b1ec77c5febbcd02281bd
all_gather,2,33554432,425.983995,403.456002474,453.631997108,404.480010271,433.151990175,202445,gpu105,3f0aa24ea16573e3fc2ca030d541009cf308d12f,dc211d81d86a422d6f79aa41cbb52c30038797e3,NVIDIA A100-SXM4-80GB,cuda/12.2.2,23102,Socket,1,84c39ea204f0739363dcefb5be4068870499c3fb33eb0838df4ee2b5258495fe,c838cecde8653cee30724127c105668f4bdfe45d05067b163082e180f3f2893a,dba12e429fe11268b895d0531ba96a7f679f35227d5b1ec77c5febbcd02281bd
all_gather,2,67108864,766.975999,748.543977737,777.216017246,749.567985535,776.192009449,202445,gpu105,3f0aa24ea16573e3fc2ca030d541009cf308d12f,dc211d81d86a422d6f79aa41cbb52c30038797e3,NVIDIA A100-SXM4-80GB,cuda/12.2.2,23102,Socket,1,84c39ea204f0739363dcefb5be4068870499c3fb33eb0838df4ee2b5258495fe,c838cecde8653cee30724127c105668f4bdfe45d05067b163082e180f3f2893a,dba12e429fe11268b895d0531ba96a7f679f35227d5b1ec77c5febbcd02281bd
reduce_scatter,2,512,61.439998,38.9119982719,264.19198513,38.9119982719,72.7040022612,202445,gpu105,3f0aa24ea16573e3fc2ca030d541009cf308d12f,dc211d81d86a422d6f79aa41cbb52c30038797e3,NVIDIA A100-SXM4-80GB,cuda/12.2.2,23102,Socket,1,84c39ea204f0739363dcefb5be4068870499c3fb33eb0838df4ee2b5258495fe,c838cecde8653cee30724127c105668f4bdfe45d05067b163082e180f3f2893a,dba12e429fe11268b895d0531ba96a7f679f35227d5b1ec77c5febbcd02281bd
reduce_scatter,2,2048,61.439998,38.9119982719,65.5359998345,38.9119982719,64.5119994879,202445,gpu105,3f0aa24ea16573e3fc2ca030d541009cf308d12f,dc211d81d86a422d6f79aa41cbb52c30038797e3,NVIDIA A100-SXM4-80GB,cuda/12.2.2,23102,Socket,1,84c39ea204f0739363dcefb5be4068870499c3fb33eb0838df4ee2b5258495fe,c838cecde8653cee30724127c105668f4bdfe45d05067b163082e180f3f2893a,dba12e429fe11268b895d0531ba96a7f679f35227d5b1ec77c5febbcd02281bd
reduce_scatter,2,8192,62.463999,38.9119982719,70.6560015678,38.9119982719,66.5600001812,202445,gpu105,3f0aa24ea16573e3fc2ca030d541009cf308d12f,dc211d81d86a422d6f79aa41cbb52c30038797e3,NVIDIA A100-SXM4-80GB,cuda/12.2.2,23102,Socket,1,84c39ea204f0739363dcefb5be4068870499c3fb33eb0838df4ee2b5258495fe,c838cecde8653cee30724127c105668f4bdfe45d05067b163082e180f3f2893a,dba12e429fe11268b895d0531ba96a7f679f35227d5b1ec77c5febbcd02281bd
reduce_scatter,2,32768,65.536,39.9359986186,76.8000036478,40.9599989653,75.7760033011,202445,gpu105,3f0aa24ea16573e3fc2ca030d541009cf308d12f,dc211d81d86a422d6f79aa41cbb52c30038797e3,NVIDIA A100-SXM4-80GB,cuda/12.2.2,23102,Socket,1,84c39ea204f0739363dcefb5be4068870499c3fb33eb0838df4ee2b5258495fe,c838cecde8653cee30724127c105668f4bdfe45d05067b163082e180f3f2893a,dba12e429fe11268b895d0531ba96a7f679f35227d5b1ec77c5febbcd02281bd
reduce_scatter,2,65536,64.511999,40.9599989653,67.5840005279,40.9599989653,66.5600001812,202445,gpu105,3f0aa24ea16573e3fc2ca030d541009cf308d12f,dc211d81d86a422d6f79aa41cbb52c30038797e3,NVIDIA A100-SXM4-80GB,cuda/12.2.2,23102,Socket,1,84c39ea204f0739363dcefb5be4068870499c3fb33eb0838df4ee2b5258495fe,c838cecde8653cee30724127c105668f4bdfe45d05067b163082e180f3f2893a,dba12e429fe11268b895d0531ba96a7f679f35227d5b1ec77c5febbcd02281bd
reduce_scatter,2,131072,65.536,40.9599989653,73.7280026078,41.9839993119,69.6320012212,202445,gpu105,3f0aa24ea16573e3fc2ca030d541009cf308d12f,dc211d81d86a422d6f79aa41cbb52c30038797e3,NVIDIA A100-SXM4-80GB,cuda/12.2.2,23102,Socket,1,84c39ea204f0739363dcefb5be4068870499c3fb33eb0838df4ee2b5258495fe,c838cecde8653cee30724127c105668f4bdfe45d05067b163082e180f3f2893a,dba12e429fe11268b895d0531ba96a7f679f35227d5b1ec77c5febbcd02281bd
reduce_scatter,2,196608,65.536,41.9839993119,74.7520029545,43.0079996586,70.6560015678,202445,gpu105,3f0aa24ea16573e3fc2ca030d541009cf308d12f,dc211d81d86a422d6f79aa41cbb52c30038797e3,NVIDIA A100-SXM4-80GB,cuda/12.2.2,23102,Socket,1,84c39ea204f0739363dcefb5be4068870499c3fb33eb0838df4ee2b5258495fe,c838cecde8653cee30724127c105668f4bdfe45d05067b163082e180f3f2893a,dba12e429fe11268b895d0531ba96a7f679f35227d5b1ec77c5febbcd02281bd
reduce_scatter,2,262144,67.584001,44.0320000052,81.9199979305,44.0320000052,79.8719972372,202445,gpu105,3f0aa24ea16573e3fc2ca030d541009cf308d12f,dc211d81d86a422d6f79aa41cbb52c30038797e3,NVIDIA A100-SXM4-80GB,cuda/12.2.2,23102,Socket,1,84c39ea204f0739363dcefb5be4068870499c3fb33eb0838df4ee2b5258495fe,c838cecde8653cee30724127c105668f4bdfe45d05067b163082e180f3f2893a,dba12e429fe11268b895d0531ba96a7f679f35227d5b1ec77c5febbcd02281bd
reduce_scatter,2,393216,71.680002,47.1040010452,79.8719972372,47.1040010452,74.7520029545,202445,gpu105,3f0aa24ea16573e3fc2ca030d541009cf308d12f,dc211d81d86a422d6f79aa41cbb52c30038797e3,NVIDIA A100-SXM4-80GB,cuda/12.2.2,23102,Socket,1,84c39ea204f0739363dcefb5be4068870499c3fb33eb0838df4ee2b5258495fe,c838cecde8653cee30724127c105668f4bdfe45d05067b163082e180f3f2893a,dba12e429fe11268b895d0531ba96a7f679f35227d5b1ec77c5febbcd02281bd
reduce_scatter,2,524288,73.728003,50.1759983599,93.1840017438,50.1759983599,77.8239965439,202445,gpu105,3f0aa24ea16573e3fc2ca030d541009cf308d12f,dc211d81d86a422d6f79aa41cbb52c30038797e3,NVIDIA A100-SXM4-80GB,cuda/12.2.2,23102,Socket,1,84c39ea204f0739363dcefb5be4068870499c3fb33eb0838df4ee2b5258495fe,c838cecde8653cee30724127c105668f4bdfe45d05067b163082e180f3f2893a,dba12e429fe11268b895d0531ba96a7f679f35227d5b1ec77c5febbcd02281bd
reduce_scatter,2,655360,77.823997,53.2479993999,87.0399996638,53.2479993999,86.0159993172,202445,gpu105,3f0aa24ea16573e3fc2ca030d541009cf308d12f,dc211d81d86a422d6f79aa41cbb52c30038797e3,NVIDIA A100-SXM4-80GB,cuda/12.2.2,23102,Socket,1,84c39ea204f0739363dcefb5be4068870499c3fb33eb0838df4ee2b5258495fe,c838cecde8653cee30724127c105668f4bdfe45d05067b163082e180f3f2893a,dba12e429fe11268b895d0531ba96a7f679f35227d5b1ec77c5febbcd02281bd
reduce_scatter,2,786432,87.04,62.4639987946,109.56799984,62.4639987946,100.35199672,202445,gpu105,3f0aa24ea16573e3fc2ca030d541009cf308d12f,dc211d81d86a422d6f79aa41cbb52c30038797e3,NVIDIA A100-SXM4-80GB,cuda/12.2.2,23102,Socket,1,84c39ea204f0739363dcefb5be4068870499c3fb33eb0838df4ee2b5258495fe,c838cecde8653cee30724127c105668f4bdfe45d05067b163082e180f3f2893a,dba12e429fe11268b895d0531ba96a7f679f35227d5b1ec77c5febbcd02281bd
reduce_scatter,2,917504,87.04,63.4879991412,90.1120007038,63.4879991412,89.0880003572,202445,gpu105,3f0aa24ea16573e3fc2ca030d541009cf308d12f,dc211d81d86a422d6f79aa41cbb52c30038797e3,NVIDIA A100-SXM4-80GB,cuda/12.2.2,23102,Socket,1,84c39ea204f0739363dcefb5be4068870499c3fb33eb0838df4ee2b5258495fe,c838cecde8653cee30724127c105668f4bdfe45d05067b163082e180f3f2893a,dba12e429fe11268b895d0531ba96a7f679f35227d5b1ec77c5febbcd02281bd
reduce_scatter,2,1048576,88.064,64.5119994879,111.616000533,64.5119994879,110.592000186,202445,gpu105,3f0aa24ea16573e3fc2ca030d541009cf308d12f,dc211d81d86a422d6f79aa41cbb52c30038797e3,NVIDIA A100-SXM4-80GB,cuda/12.2.2,23102,Socket,1,84c39ea204f0739363dcefb5be4068870499c3fb33eb0838df4ee2b5258495fe,c838cecde8653cee30724127c105668f4bdfe45d05067b163082e180f3f2893a,dba12e429fe11268b895d0531ba96a7f679f35227d5b1ec77c5febbcd02281bd
reduce_scatter,2,1179648,89.088,65.5359998345,92.1600013971,65.5359998345,91.1360010505,202445,gpu105,3f0aa24ea16573e3fc2ca030d541009cf308d12f,dc211d81d86a422d6f79aa41cbb52c30038797e3,NVIDIA A100-SXM4-80GB,cuda/12.2.2,23102,Socket,1,84c39ea204f0739363dcefb5be4068870499c3fb33eb0838df4ee2b5258495fe,c838cecde8653cee30724127c105668f4bdfe45d05067b163082e180f3f2893a,dba12e429fe11268b895d0531ba96a7f679f35227d5b1ec77c5febbcd02281bd
reduce_scatter,2,1310720,90.112001,65.5359998345,111.616000533,66.5600001812,104.447998106,202445,gpu105,3f0aa24ea16573e3fc2ca030d541009cf308d12f,dc211d81d86a422d6f79aa41cbb52c30038797e3,NVIDIA A100-SXM4-80GB,cuda/12.2.2,23102,Socket,1,84c39ea204f0739363dcefb5be4068870499c3fb33eb0838df4ee2b5258495fe,c838cecde8653cee30724127c105668f4bdfe45d05067b163082e180f3f2893a,dba12e429fe11268b895d0531ba96a7f679f35227d5b1ec77c5febbcd02281bd
reduce_scatter,2,1572864,91.136001,67.5840005279,126.975998282,67.5840005279,115.71200192,202445,gpu105,3f0aa24ea16573e3fc2ca030d541009cf308d12f,dc211d81d86a422d6f79aa41cbb52c30038797e3,NVIDIA A100-SXM4-80GB,cuda/12.2.2,23102,Socket,1,84c39ea204f0739363dcefb5be4068870499c3fb33eb0838df4ee2b5258495fe,c838cecde8653cee30724127c105668f4bdfe45d05067b163082e180f3f2893a,dba12e429fe11268b895d0531ba96a7f679f35227d5b1ec77c5febbcd02281bd
reduce_scatter,2,2097152,96.256003,72.7040022612,99.3279963732,72.7040022612,98.3040034771,202445,gpu105,3f0aa24ea16573e3fc2ca030d541009cf308d12f,dc211d81d86a422d6f79aa41cbb52c30038797e3,NVIDIA A100-SXM4-80GB,cuda/12.2.2,23102,Socket,1,84c39ea204f0739363dcefb5be4068870499c3fb33eb0838df4ee2b5258495fe,c838cecde8653cee30724127c105668f4bdfe45d05067b163082e180f3f2893a,dba12e429fe11268b895d0531ba96a7f679f35227d5b1ec77c5febbcd02281bd
reduce_scatter,2,3145728,104.447998,79.8719972372,125.952005386,79.8719972372,125.952005386,202445,gpu105,3f0aa24ea16573e3fc2ca030d541009cf308d12f,dc211d81d86a422d6f79aa41cbb52c30038797e3,NVIDIA A100-SXM4-80GB,cuda/12.2.2,23102,Socket,1,84c39ea204f0739363dcefb5be4068870499c3fb33eb0838df4ee2b5258495fe,c838cecde8653cee30724127c105668f4bdfe45d05067b163082e180f3f2893a,dba12e429fe11268b895d0531ba96a7f679f35227d5b1ec77c5febbcd02281bd
reduce_scatter,2,4194304,110.592,88.0640000105,115.71200192,88.0640000105,113.664001226,202445,gpu105,3f0aa24ea16573e3fc2ca030d541009cf308d12f,dc211d81d86a422d6f79aa41cbb52c30038797e3,NVIDIA A100-SXM4-80GB,cuda/12.2.2,23102,Socket,1,84c39ea204f0739363dcefb5be4068870499c3fb33eb0838df4ee2b5258495fe,c838cecde8653cee30724127c105668f4bdfe45d05067b163082e180f3f2893a,dba12e429fe11268b895d0531ba96a7f679f35227d5b1ec77c5febbcd02281bd
reduce_scatter,2,8388608,145.408005,121.855996549,150.527998805,122.879996896,148.479998112,202445,gpu105,3f0aa24ea16573e3fc2ca030d541009cf308d12f,dc211d81d86a422d6f79aa41cbb52c30038797e3,NVIDIA A100-SXM4-80GB,cuda/12.2.2,23102,Socket,1,84c39ea204f0739363dcefb5be4068870499c3fb33eb0838df4ee2b5258495fe,c838cecde8653cee30724127c105668f4bdfe45d05067b163082e180f3f2893a,dba12e429fe11268b895d0531ba96a7f679f35227d5b1ec77c5febbcd02281bd
reduce_scatter,2,16777216,219.136,196.608006954,246.784001589,197.63199985,226.303994656,202445,gpu105,3f0aa24ea16573e3fc2ca030d541009cf308d12f,dc211d81d86a422d6f79aa41cbb52c30038797e3,NVIDIA A100-SXM4-80GB,cuda/12.2.2,23102,Socket,1,84c39ea204f0739363dcefb5be4068870499c3fb33eb0838df4ee2b5258495fe,c838cecde8653cee30724127c105668f4bdfe45d05067b163082e180f3f2893a,dba12e429fe11268b895d0531ba96a7f679f35227d5b1ec77c5febbcd02281bd
reduce_scatter,2,33554432,360.448003,337.92001009,377.855986357,337.92001009,376.832008362,202445,gpu105,3f0aa24ea16573e3fc2ca030d541009cf308d12f,dc211d81d86a422d6f79aa41cbb52c30038797e3,NVIDIA A100-SXM4-80GB,cuda/12.2.2,23102,Socket,1,84c39ea204f0739363dcefb5be4068870499c3fb33eb0838df4ee2b5258495fe,c838cecde8653cee30724127c105668f4bdfe45d05067b163082e180f3f2893a,dba12e429fe11268b895d0531ba96a7f679f35227d5b1ec77c5febbcd02281bd
reduce_scatter,2,67108864,641.023993,621.568024158,651.26401186,621.568024158,649.215996265,202445,gpu105,3f0aa24ea16573e3fc2ca030d541009cf308d12f,dc211d81d86a422d6f79aa41cbb52c30038797e3,NVIDIA A100-SXM4-80GB,cuda/12.2.2,23102,Socket,1,84c39ea204f0739363dcefb5be4068870499c3fb33eb0838df4ee2b5258495fe,c838cecde8653cee30724127c105668f4bdfe45d05067b163082e180f3f2893a,dba12e429fe11268b895d0531ba96a7f679f35227d5b1ec77c5febbcd02281bd
all_gather,4,512,74.752003,46.0800006986,96.2560027838,47.1040010452,88.0640000105,202444,gpu105,3f0aa24ea16573e3fc2ca030d541009cf308d12f,dc211d81d86a422d6f79aa41cbb52c30038797e3,NVIDIA A100-SXM4-80GB,cuda/12.2.2,23102,Socket,1,84c39ea204f0739363dcefb5be4068870499c3fb33eb0838df4ee2b5258495fe,6a3edcdd0f9c109b51c96b4be8def76d0b984e7f95251223e8509ff9dff8f9ea,dba12e429fe11268b895d0531ba96a7f679f35227d5b1ec77c5febbcd02281bd
all_gather,4,2048,72.704002,40.9599989653,86.0159993172,40.9599989653,84.9919989705,202444,gpu105,3f0aa24ea16573e3fc2ca030d541009cf308d12f,dc211d81d86a422d6f79aa41cbb52c30038797e3,NVIDIA A100-SXM4-80GB,cuda/12.2.2,23102,Socket,1,84c39ea204f0739363dcefb5be4068870499c3fb33eb0838df4ee2b5258495fe,6a3edcdd0f9c109b51c96b4be8def76d0b984e7f95251223e8509ff9dff8f9ea,dba12e429fe11268b895d0531ba96a7f679f35227d5b1ec77c5febbcd02281bd
all_gather,4,8192,74.752003,47.1040010452,86.0159993172,48.1280013919,84.9919989705,202444,gpu105,3f0aa24ea16573e3fc2ca030d541009cf308d12f,dc211d81d86a422d6f79aa41cbb52c30038797e3,NVIDIA A100-SXM4-80GB,cuda/12.2.2,23102,Socket,1,84c39ea204f0739363dcefb5be4068870499c3fb33eb0838df4ee2b5258495fe,6a3edcdd0f9c109b51c96b4be8def76d0b984e7f95251223e8509ff9dff8f9ea,dba12e429fe11268b895d0531ba96a7f679f35227d5b1ec77c5febbcd02281bd
all_gather,4,32768,70.656002,45.0560003519,92.1600013971,45.0560003519,92.1600013971,202444,gpu105,3f0aa24ea16573e3fc2ca030d541009cf308d12f,dc211d81d86a422d6f79aa41cbb52c30038797e3,NVIDIA A100-SXM4-80GB,cuda/12.2.2,23102,Socket,1,84c39ea204f0739363dcefb5be4068870499c3fb33eb0838df4ee2b5258495fe,6a3edcdd0f9c109b51c96b4be8def76d0b984e7f95251223e8509ff9dff8f9ea,dba12e429fe11268b895d0531ba96a7f679f35227d5b1ec77c5febbcd02281bd
all_gather,4,65536,77.823997,46.0800006986,91.1360010505,47.1040010452,91.1360010505,202444,gpu105,3f0aa24ea16573e3fc2ca030d541009cf308d12f,dc211d81d86a422d6f79aa41cbb52c30038797e3,NVIDIA A100-SXM4-80GB,cuda/12.2.2,23102,Socket,1,84c39ea204f0739363dcefb5be4068870499c3fb33eb0838df4ee2b5258495fe,6a3edcdd0f9c109b51c96b4be8def76d0b984e7f95251223e8509ff9dff8f9ea,dba12e429fe11268b895d0531ba96a7f679f35227d5b1ec77c5febbcd02281bd
all_gather,4,131072,77.823997,46.0800006986,91.1360010505,49.1520017385,90.1120007038,202444,gpu105,3f0aa24ea16573e3fc2ca030d541009cf308d12f,dc211d81d86a422d6f79aa41cbb52c30038797e3,NVIDIA A100-SXM4-80GB,cuda/12.2.2,23102,Socket,1,84c39ea204f0739363dcefb5be4068870499c3fb33eb0838df4ee2b5258495fe,6a3edcdd0f9c109b51c96b4be8def76d0b984e7f95251223e8509ff9dff8f9ea,dba12e429fe11268b895d0531ba96a7f679f35227d5b1ec77c5febbcd02281bd
all_gather,4,196608,69.632001,46.0800006986,89.0880003572,47.1040010452,82.9439982772,202444,gpu105,3f0aa24ea16573e3fc2ca030d541009cf308d12f,dc211d81d86a422d6f79aa41cbb52c30038797e3,NVIDIA A100-SXM4-80GB,cuda/12.2.2,23102,Socket,1,84c39ea204f0739363dcefb5be4068870499c3fb33eb0838df4ee2b5258495fe,6a3edcdd0f9c109b51c96b4be8def76d0b984e7f95251223e8509ff9dff8f9ea,dba12e429fe11268b895d0531ba96a7f679f35227d5b1ec77c5febbcd02281bd
all_gather,4,262144,71.680002,46.0800006986,99.3279963732,47.1040010452,82.9439982772,202444,gpu105,3f0aa24ea16573e3fc2ca030d541009cf308d12f,dc211d81d86a422d6f79aa41cbb52c30038797e3,NVIDIA A100-SXM4-80GB,cuda/12.2.2,23102,Socket,1,84c39ea204f0739363dcefb5be4068870499c3fb33eb0838df4ee2b5258495fe,6a3edcdd0f9c109b51c96b4be8def76d0b984e7f95251223e8509ff9dff8f9ea,dba12e429fe11268b895d0531ba96a7f679f35227d5b1ec77c5febbcd02281bd
all_gather,4,393216,71.680002,47.1040010452,93.1840017438,51.1999987066,91.1360010505,202444,gpu105,3f0aa24ea16573e3fc2ca030d541009cf308d12f,dc211d81d86a422d6f79aa41cbb52c30038797e3,NVIDIA A100-SXM4-80GB,cuda/12.2.2,23102,Socket,1,84c39ea204f0739363dcefb5be4068870499c3fb33eb0838df4ee2b5258495fe,6a3edcdd0f9c109b51c96b4be8def76d0b984e7f95251223e8509ff9dff8f9ea,dba12e429fe11268b895d0531ba96a7f679f35227d5b1ec77c5febbcd02281bd
all_gather,4,524288,77.823997,50.1759983599,105.471998453,51.1999987066,102.399997413,202444,gpu105,3f0aa24ea16573e3fc2ca030d541009cf308d12f,dc211d81d86a422d6f79aa41cbb52c30038797e3,NVIDIA A100-SXM4-80GB,cuda/12.2.2,23102,Socket,1,84c39ea204f0739363dcefb5be4068870499c3fb33eb0838df4ee2b5258495fe,6a3edcdd0f9c109b51c96b4be8def76d0b984e7f95251223e8509ff9dff8f9ea,dba12e429fe11268b895d0531ba96a7f679f35227d5b1ec77c5febbcd02281bd
all_gather,4,655360,74.752003,55.2960000932,96.2560027838,56.3200004399,94.2080020905,202444,gpu105,3f0aa24ea16573e3fc2ca030d541009cf308d12f,dc211d81d86a422d6f79aa41cbb52c30038797e3,NVIDIA A100-SXM4-80GB,cuda/12.2.2,23102,Socket,1,84c39ea204f0739363dcefb5be4068870499c3fb33eb0838df4ee2b5258495fe,6a3edcdd0f9c109b51c96b4be8def76d0b984e7f95251223e8509ff9dff8f9ea,dba12e429fe11268b895d0531ba96a7f679f35227d5b1ec77c5febbcd02281bd
all_gather,4,786432,73.728003,51.1999987066,95.2320024371,51.1999987066,89.0880003572,202444,gpu105,3f0aa24ea16573e3fc2ca030d541009cf308d12f,dc211d81d86a422d6f79aa41cbb52c30038797e3,NVIDIA A100-SXM4-80GB,cuda/12.2.2,23102,Socket,1,84c39ea204f0739363dcefb5be4068870499c3fb33eb0838df4ee2b5258495fe,6a3edcdd0f9c109b51c96b4be8def76d0b984e7f95251223e8509ff9dff8f9ea,dba12e429fe11268b895d0531ba96a7f679f35227d5b1ec77c5febbcd02281bd
all_gather,4,917504,75.776003,53.2479993999,92.1600013971,53.2479993999,91.1360010505,202444,gpu105,3f0aa24ea16573e3fc2ca030d541009cf308d12f,dc211d81d86a422d6f79aa41cbb52c30038797e3,NVIDIA A100-SXM4-80GB,cuda/12.2.2,23102,Socket,1,84c39ea204f0739363dcefb5be4068870499c3fb33eb0838df4ee2b5258495fe,6a3edcdd0f9c109b51c96b4be8def76d0b984e7f95251223e8509ff9dff8f9ea,dba12e429fe11268b895d0531ba96a7f679f35227d5b1ec77c5febbcd02281bd
all_gather,4,1048576,78.847997,55.2960000932,95.2320024371,55.2960000932,93.1840017438,202444,gpu105,3f0aa24ea16573e3fc2ca030d541009cf308d12f,dc211d81d86a422d6f79aa41cbb52c30038797e3,NVIDIA A100-SXM4-80GB,cuda/12.2.2,23102,Socket,1,84c39ea204f0739363dcefb5be4068870499c3fb33eb0838df4ee2b5258495fe,6a3edcdd0f9c109b51c96b4be8def76d0b984e7f95251223e8509ff9dff8f9ea,dba12e429fe11268b895d0531ba96a7f679f35227d5b1ec77c5febbcd02281bd
all_gather,4,1179648,78.847997,55.2960000932,96.2560027838,57.3440007865,93.1840017438,202444,gpu105,3f0aa24ea16573e3fc2ca030d541009cf308d12f,dc211d81d86a422d6f79aa41cbb52c30038797e3,NVIDIA A100-SXM4-80GB,cuda/12.2.2,23102,Socket,1,84c39ea204f0739363dcefb5be4068870499c3fb33eb0838df4ee2b5258495fe,6a3edcdd0f9c109b51c96b4be8def76d0b984e7f95251223e8509ff9dff8f9ea,dba12e429fe11268b895d0531ba96a7f679f35227d5b1ec77c5febbcd02281bd
all_gather,4,1310720,79.871997,56.3200004399,89.0880003572,57.3440007865,87.0399996638,202444,gpu105,3f0aa24ea16573e3fc2ca030d541009cf308d12f,dc211d81d86a422d6f79aa41cbb52c30038797e3,NVIDIA A100-SXM4-80GB,cuda/12.2.2,23102,Socket,1,84c39ea204f0739363dcefb5be4068870499c3fb33eb0838df4ee2b5258495fe,6a3edcdd0f9c109b51c96b4be8def76d0b984e7f95251223e8509ff9dff8f9ea,dba12e429fe11268b895d0531ba96a7f679f35227d5b1ec77c5febbcd02281bd
all_gather,4,1572864,83.967999,60.4160018265,5452.79979706,61.4399984479,108.543999493,202444,gpu105,3f0aa24ea16573e3fc2ca030d541009cf308d12f,dc211d81d86a422d6f79aa41cbb52c30038797e3,NVIDIA A100-SXM4-80GB,cuda/12.2.2,23102,Socket,1,84c39ea204f0739363dcefb5be4068870499c3fb33eb0838df4ee2b5258495fe,6a3edcdd0f9c109b51c96b4be8def76d0b984e7f95251223e8509ff9dff8f9ea,dba12e429fe11268b895d0531ba96a7f679f35227d5b1ec77c5febbcd02281bd
all_gather,4,2097152,107.519999,83.9679986238,143003.646851,83.9679986238,142.335996032,202444,gpu105,3f0aa24ea16573e3fc2ca030d541009cf308d12f,dc211d81d86a422d6f79aa41cbb52c30038797e3,NVIDIA A100-SXM4-80GB,cuda/12.2.2,23102,Socket,1,84c39ea204f0739363dcefb5be4068870499c3fb33eb0838df4ee2b5258495fe,6a3edcdd0f9c109b51c96b4be8def76d0b984e7f95251223e8509ff9dff8f9ea,dba12e429fe11268b895d0531ba96a7f679f35227d5b1ec77c5febbcd02281bd
all_gather,4,3145728,107.519999,83.9679986238,111.616000533,84.9919989705,111.616000533,202444,gpu105,3f0aa24ea16573e3fc2ca030d541009cf308d12f,dc211d81d86a422d6f79aa41cbb52c30038797e3,NVIDIA A100-SXM4-80GB,cuda/12.2.2,23102,Socket,1,84c39ea204f0739363dcefb5be4068870499c3fb33eb0838df4ee2b5258495fe,6a3edcdd0f9c109b51c96b4be8def76d0b984e7f95251223e8509ff9dff8f9ea,dba12e429fe11268b895d0531ba96a7f679f35227d5b1ec77c5febbcd02281bd
all_gather,4,4194304,114.688002,90.1120007038,156.672000885,90.1120007038,138.239994645,202444,gpu105,3f0aa24ea16573e3fc2ca030d541009cf308d12f,dc211d81d86a422d6f79aa41cbb52c30038797e3,NVIDIA A100-SXM4-80GB,cuda/12.2.2,23102,Socket,1,84c39ea204f0739363dcefb5be4068870499c3fb33eb0838df4ee2b5258495fe,6a3edcdd0f9c109b51c96b4be8def76d0b984e7f95251223e8509ff9dff8f9ea,dba12e429fe11268b895d0531ba96a7f679f35227d5b1ec77c5febbcd02281bd
all_gather,4,8388608,129.023999,105.471998453,135.168001056,105.471998453,131.071999669,202444,gpu105,3f0aa24ea16573e3fc2ca030d541009cf308d12f,dc211d81d86a422d6f79aa41cbb52c30038797e3,NVIDIA A100-SXM4-80GB,cuda/12.2.2,23102,Socket,1,84c39ea204f0739363dcefb5be4068870499c3fb33eb0838df4ee2b5258495fe,6a3edcdd0f9c109b51c96b4be8def76d0b984e7f95251223e8509ff9dff8f9ea,dba12e429fe11268b895d0531ba96a7f679f35227d5b1ec77c5febbcd02281bd
all_gather,4,16777216,173.056006,149.504005909,215.039998293,150.527998805,214.016005397,202444,gpu105,3f0aa24ea16573e3fc2ca030d541009cf308d12f,dc211d81d86a422d6f79aa41cbb52c30038797e3,NVIDIA A100-SXM4-80GB,cuda/12.2.2,23102,Socket,1,84c39ea204f0739363dcefb5be4068870499c3fb33eb0838df4ee2b5258495fe,6a3edcdd0f9c109b51c96b4be8def76d0b984e7f95251223e8509ff9dff8f9ea,dba12e429fe11268b895d0531ba96a7f679f35227d5b1ec77c5febbcd02281bd
all_gather,4,33554432,233.472005,209.92000401,240.639999509,210.943996906,240.639999509,202444,gpu105,3f0aa24ea16573e3fc2ca030d541009cf308d12f,dc211d81d86a422d6f79aa41cbb52c30038797e3,NVIDIA A100-SXM4-80GB,cuda/12.2.2,23102,Socket,1,84c39ea204f0739363dcefb5be4068870499c3fb33eb0838df4ee2b5258495fe,6a3edcdd0f9c109b51c96b4be8def76d0b984e7f95251223e8509ff9dff8f9ea,dba12e429fe11268b895d0531ba96a7f679f35227d5b1ec77c5febbcd02281bd
all_gather,4,67108864,371.711999,355.327993631,385.024011135,356.352001429,384.000003338,202444,gpu105,3f0aa24ea16573e3fc2ca030d541009cf308d12f,dc211d81d86a422d6f79aa41cbb52c30038797e3,NVIDIA A100-SXM4-80GB,cuda/12.2.2,23102,Socket,1,84c39ea204f0739363dcefb5be4068870499c3fb33eb0838df4ee2b5258495fe,6a3edcdd0f9c109b51c96b4be8def76d0b984e7f95251223e8509ff9dff8f9ea,dba12e429fe11268b895d0531ba96a7f679f35227d5b1ec77c5febbcd02281bd
reduce_scatter,4,512,65.536,39.9359986186,300.031989813,40.9599989653,91.1360010505,202444,gpu105,3f0aa24ea16573e3fc2ca030d541009cf308d12f,dc211d81d86a422d6f79aa41cbb52c30038797e3,NVIDIA A100-SXM4-80GB,cuda/12.2.2,23102,Socket,1,84c39ea204f0739363dcefb5be4068870499c3fb33eb0838df4ee2b5258495fe,6a3edcdd0f9c109b51c96b4be8def76d0b984e7f95251223e8509ff9dff8f9ea,dba12e429fe11268b895d0531ba96a7f679f35227d5b1ec77c5febbcd02281bd
reduce_scatter,4,2048,64.511999,39.9359986186,72.7040022612,39.9359986186,66.5600001812,202444,gpu105,3f0aa24ea16573e3fc2ca030d541009cf308d12f,dc211d81d86a422d6f79aa41cbb52c30038797e3,NVIDIA A100-SXM4-80GB,cuda/12.2.2,23102,Socket,1,84c39ea204f0739363dcefb5be4068870499c3fb33eb0838df4ee2b5258495fe,6a3edcdd0f9c109b51c96b4be8def76d0b984e7f95251223e8509ff9dff8f9ea,dba12e429fe11268b895d0531ba96a7f679f35227d5b1ec77c5febbcd02281bd
reduce_scatter,4,8192,64.511999,40.9599989653,68.6080008745,40.9599989653,66.5600001812,202444,gpu105,3f0aa24ea16573e3fc2ca030d541009cf308d12f,dc211d81d86a422d6f79aa41cbb52c30038797e3,NVIDIA A100-SXM4-80GB,cuda/12.2.2,23102,Socket,1,84c39ea204f0739363dcefb5be4068870499c3fb33eb0838df4ee2b5258495fe,6a3edcdd0f9c109b51c96b4be8def76d0b984e7f95251223e8509ff9dff8f9ea,dba12e429fe11268b895d0531ba96a7f679f35227d5b1ec77c5febbcd02281bd
reduce_scatter,4,32768,67.584001,41.9839993119,72.7040022612,43.0079996586,68.6080008745,202444,gpu105,3f0aa24ea16573e3fc2ca030d541009cf308d12f,dc211d81d86a422d6f79aa41cbb52c30038797e3,NVIDIA A100-SXM4-80GB,cuda/12.2.2,23102,Socket,1,84c39ea204f0739363dcefb5be4068870499c3fb33eb0838df4ee2b5258495fe,6a3edcdd0f9c109b51c96b4be8def76d0b984e7f95251223e8509ff9dff8f9ea,dba12e429fe11268b895d0531ba96a7f679f35227d5b1ec77c5febbcd02281bd
reduce_scatter,4,65536,67.584001,43.0079996586,71.6800019145,43.0079996586,68.6080008745,202444,gpu105,3f0aa24ea16573e3fc2ca030d541009cf308d12f,dc211d81d86a422d6f79aa41cbb52c30038797e3,NVIDIA A100-SXM4-80GB,cuda/12.2.2,23102,Socket,1,84c39ea204f0739363dcefb5be4068870499c3fb33eb0838df4ee2b5258495fe,6a3edcdd0f9c109b51c96b4be8def76d0b984e7f95251223e8509ff9dff8f9ea,dba12e429fe11268b895d0531ba96a7f679f35227d5b1ec77c5febbcd02281bd
reduce_scatter,4,131072,67.584001,43.0079996586,74.7520029545,44.0320000052,71.6800019145,202444,gpu105,3f0aa24ea16573e3fc2ca030d541009cf308d12f,dc211d81d86a422d6f79aa41cbb52c30038797e3,NVIDIA A100-SXM4-80GB,cuda/12.2.2,23102,Socket,1,84c39ea204f0739363dcefb5be4068870499c3fb33eb0838df4ee2b5258495fe,6a3edcdd0f9c109b51c96b4be8def76d0b984e7f95251223e8509ff9dff8f9ea,dba12e429fe11268b895d0531ba96a7f679f35227d5b1ec77c5febbcd02281bd
reduce_scatter,4,196608,67.584001,43.0079996586,74.7520029545,43.0079996586,72.7040022612,202444,gpu105,3f0aa24ea16573e3fc2ca030d541009cf308d12f,dc211d81d86a422d6f79aa41cbb52c30038797e3,NVIDIA A100-SXM4-80GB,cuda/12.2.2,23102,Socket,1,84c39ea204f0739363dcefb5be4068870499c3fb33eb0838df4ee2b5258495fe,6a3edcdd0f9c109b51c96b4be8def76d0b984e7f95251223e8509ff9dff8f9ea,dba12e429fe11268b895d0531ba96a7f679f35227d5b1ec77c5febbcd02281bd
reduce_scatter,4,262144,68.608001,46.0800006986,91.1360010505,46.0800006986,86.0159993172,202444,gpu105,3f0aa24ea16573e3fc2ca030d541009cf308d12f,dc211d81d86a422d6f79aa41cbb52c30038797e3,NVIDIA A100-SXM4-80GB,cuda/12.2.2,23102,Socket,1,84c39ea204f0739363dcefb5be4068870499c3fb33eb0838df4ee2b5258495fe,6a3edcdd0f9c109b51c96b4be8def76d0b984e7f95251223e8509ff9dff8f9ea,dba12e429fe11268b895d0531ba96a7f679f35227d5b1ec77c5febbcd02281bd
reduce_scatter,4,393216,68.608001,44.0320000052,83.9679986238,45.0560003519,79.8719972372,202444,gpu105,3f0aa24ea16573e3fc2ca030d541009cf308d12f,dc211d81d86a422d6f79aa41cbb52c30038797e3,NVIDIA A100-SXM4-80GB,cuda/12.2.2,23102,Socket,1,84c39ea204f0739363dcefb5be4068870499c3fb33eb0838df4ee2b5258495fe,6a3edcdd0f9c109b51c96b4be8def76d0b984e7f95251223e8509ff9dff8f9ea,dba12e429fe11268b895d0531ba96a7f679f35227d5b1ec77c5febbcd02281bd
reduce_scatter,4,524288,71.680002,46.0800006986,84.9919989705,49.1520017385,83.9679986238,202444,gpu105,3f0aa24ea16573e3fc2ca030d541009cf308d12f,dc211d81d86a422d6f79aa41cbb52c30038797e3,NVIDIA A100-SXM4-80GB,cuda/12.2.2,23102,Socket,1,84c39ea204f0739363dcefb5be4068870499c3fb33eb0838df4ee2b5258495fe,6a3edcdd0f9c109b51c96b4be8def76d0b984e7f95251223e8509ff9dff8f9ea,dba12e429fe11268b895d0531ba96a7f679f35227d5b1ec77c5febbcd02281bd
reduce_scatter,4,655360,71.680002,47.1040010452,86.0159993172,48.1280013919,84.9919989705,202444,gpu105,3f0aa24ea16573e3fc2ca030d541009cf308d12f,dc211d81d86a422d6f79aa41cbb52c30038797e3,NVIDIA A100-SXM4-80GB,cuda/12.2.2,23102,Socket,1,84c39ea204f0739363dcefb5be4068870499c3fb33eb0838df4ee2b5258495fe,6a3edcdd0f9c109b51c96b4be8def76d0b984e7f95251223e8509ff9dff8f9ea,dba12e429fe11268b895d0531ba96a7f679f35227d5b1ec77c5febbcd02281bd
reduce_scatter,4,786432,72.704002,49.1520017385,88.0640000105,49.1520017385,87.0399996638,202444,gpu105,3f0aa24ea16573e3fc2ca030d541009cf308d12f,dc211d81d86a422d6f79aa41cbb52c30038797e3,NVIDIA A100-SXM4-80GB,cuda/12.2.2,23102,Socket,1,84c39ea204f0739363dcefb5be4068870499c3fb33eb0838df4ee2b5258495fe,6a3edcdd0f9c109b51c96b4be8def76d0b984e7f95251223e8509ff9dff8f9ea,dba12e429fe11268b895d0531ba96a7f679f35227d5b1ec77c5febbcd02281bd
reduce_scatter,4,917504,74.752003,51.1999987066,91.1360010505,51.1999987066,89.0880003572,202444,gpu105,3f0aa24ea16573e3fc2ca030d541009cf308d12f,dc211d81d86a422d6f79aa41cbb52c30038797e3,NVIDIA A100-SXM4-80GB,cuda/12.2.2,23102,Socket,1,84c39ea204f0739363dcefb5be4068870499c3fb33eb0838df4ee2b5258495fe,6a3edcdd0f9c109b51c96b4be8def76d0b984e7f95251223e8509ff9dff8f9ea,dba12e429fe11268b895d0531ba96a7f679f35227d5b1ec77c5febbcd02281bd
reduce_scatter,4,1048576,75.776003,51.1999987066,98.3040034771,51.1999987066,89.0880003572,202444,gpu105,3f0aa24ea16573e3fc2ca030d541009cf308d12f,dc211d81d86a422d6f79aa41cbb52c30038797e3,NVIDIA A100-SXM4-80GB,cuda/12.2.2,23102,Socket,1,84c39ea204f0739363dcefb5be4068870499c3fb33eb0838df4ee2b5258495fe,6a3edcdd0f9c109b51c96b4be8def76d0b984e7f95251223e8509ff9dff8f9ea,dba12e429fe11268b895d0531ba96a7f679f35227d5b1ec77c5febbcd02281bd
reduce_scatter,4,1179648,75.776003,52.2239990532,98.3040034771,53.2479993999,92.1600013971,202444,gpu105,3f0aa24ea16573e3fc2ca030d541009cf308d12f,dc211d81d86a422d6f79aa41cbb52c30038797e3,NVIDIA A100-SXM4-80GB,cuda/12.2.2,23102,Socket,1,84c39ea204f0739363dcefb5be4068870499c3fb33eb0838df4ee2b5258495fe,6a3edcdd0f9c109b51c96b4be8def76d0b984e7f95251223e8509ff9dff8f9ea,dba12e429fe11268b895d0531ba96a7f679f35227d5b1ec77c5febbcd02281bd
reduce_scatter,4,1310720,78.847997,55.2960000932,94.2080020905,56.3200004399,93.1840017438,202444,gpu105,3f0aa24ea16573e3fc2ca030d541009cf308d12f,dc211d81d86a422d6f79aa41cbb52c30038797e3,NVIDIA A100-SXM4-80GB,cuda/12.2.2,23102,Socket,1,84c39ea204f0739363dcefb5be4068870499c3fb33eb0838df4ee2b5258495fe,6a3edcdd0f9c109b51c96b4be8def76d0b984e7f95251223e8509ff9dff8f9ea,dba12e429fe11268b895d0531ba96a7f679f35227d5b1ec77c5febbcd02281bd
reduce_scatter,4,1572864,79.871997,56.3200004399,96.2560027838,57.3440007865,93.1840017438,202444,gpu105,3f0aa24ea16573e3fc2ca030d541009cf308d12f,dc211d81d86a422d6f79aa41cbb52c30038797e3,NVIDIA A100-SXM4-80GB,cuda/12.2.2,23102,Socket,1,84c39ea204f0739363dcefb5be4068870499c3fb33eb0838df4ee2b5258495fe,6a3edcdd0f9c109b51c96b4be8def76d0b984e7f95251223e8509ff9dff8f9ea,dba12e429fe11268b895d0531ba96a7f679f35227d5b1ec77c5febbcd02281bd
reduce_scatter,4,2097152,100.351997,76.8000036478,118.78400296,76.8000036478,114.688001573,202444,gpu105,3f0aa24ea16573e3fc2ca030d541009cf308d12f,dc211d81d86a422d6f79aa41cbb52c30038797e3,NVIDIA A100-SXM4-80GB,cuda/12.2.2,23102,Socket,1,84c39ea204f0739363dcefb5be4068870499c3fb33eb0838df4ee2b5258495fe,6a3edcdd0f9c109b51c96b4be8def76d0b984e7f95251223e8509ff9dff8f9ea,dba12e429fe11268b895d0531ba96a7f679f35227d5b1ec77c5febbcd02281bd
reduce_scatter,4,3145728,102.399997,78.8479968905,122.879996896,78.8479968905,121.855996549,202444,gpu105,3f0aa24ea16573e3fc2ca030d541009cf308d12f,dc211d81d86a422d6f79aa41cbb52c30038797e3,NVIDIA A100-SXM4-80GB,cuda/12.2.2,23102,Socket,1,84c39ea204f0739363dcefb5be4068870499c3fb33eb0838df4ee2b5258495fe,6a3edcdd0f9c109b51c96b4be8def76d0b984e7f95251223e8509ff9dff8f9ea,dba12e429fe11268b895d0531ba96a7f679f35227d5b1ec77c5febbcd02281bd
reduce_scatter,4,4194304,109.568,84.9919989705,129.023998976,86.0159993172,128.00000608,202444,gpu105,3f0aa24ea16573e3fc2ca030d541009cf308d12f,dc211d81d86a422d6f79aa41cbb52c30038797e3,NVIDIA A100-SXM4-80GB,cuda/12.2.2,23102,Socket,1,84c39ea204f0739363dcefb5be4068870499c3fb33eb0838df4ee2b5258495fe,6a3edcdd0f9c109b51c96b4be8def76d0b984e7f95251223e8509ff9dff8f9ea,dba12e429fe11268b895d0531ba96a7f679f35227d5b1ec77c5febbcd02281bd
reduce_scatter,4,8388608,120.832004,95.2320024371,159.743994474,95.2320024371,143.360003829,202444,gpu105,3f0aa24ea16573e3fc2ca030d541009cf308d12f,dc211d81d86a422d6f79aa41cbb52c30038797e3,NVIDIA A100-SXM4-80GB,cuda/12.2.2,23102,Socket,1,84c39ea204f0739363dcefb5be4068870499c3fb33eb0838df4ee2b5258495fe,6a3edcdd0f9c109b51c96b4be8def76d0b984e7f95251223e8509ff9dff8f9ea,dba12e429fe11268b895d0531ba96a7f679f35227d5b1ec77c5febbcd02281bd
reduce_scatter,4,16777216,161.791995,138.239994645,174.079999328,139.264002442,174.079999328,202444,gpu105,3f0aa24ea16573e3fc2ca030d541009cf308d12f,dc211d81d86a422d6f79aa41cbb52c30038797e3,NVIDIA A100-SXM4-80GB,cuda/12.2.2,23102,Socket,1,84c39ea204f0739363dcefb5be4068870499c3fb33eb0838df4ee2b5258495fe,6a3edcdd0f9c109b51c96b4be8def76d0b984e7f95251223e8509ff9dff8f9ea,dba12e429fe11268b895d0531ba96a7f679f35227d5b1ec77c5febbcd02281bd
reduce_scatter,4,33554432,223.232001,198.655992746,252.927988768,199.680000544,241.664007306,202444,gpu105,3f0aa24ea16573e3fc2ca030d541009cf308d12f,dc211d81d86a422d6f79aa41cbb52c30038797e3,NVIDIA A100-SXM4-80GB,cuda/12.2.2,23102,Socket,1,84c39ea204f0739363dcefb5be4068870499c3fb33eb0838df4ee2b5258495fe,6a3edcdd0f9c109b51c96b4be8def76d0b984e7f95251223e8509ff9dff8f9ea,dba12e429fe11268b895d0531ba96a7f679f35227d5b1ec77c5febbcd02281bd
reduce_scatter,4,67108864,354.303986,329.728007317,358.399987221,330.751985312,357.376009226,202444,gpu105,3f0aa24ea16573e3fc2ca030d541009cf308d12f,dc211d81d86a422d6f79aa41cbb52c30038797e3,NVIDIA A100-SXM4-80GB,cuda/12.2.2,23102,Socket,1,84c39ea204f0739363dcefb5be4068870499c3fb33eb0838df4ee2b5258495fe,6a3edcdd0f9c109b51c96b4be8def76d0b984e7f95251223e8509ff9dff8f9ea,dba12e429fe11268b895d0531ba96a7f679f35227d5b1ec77c5febbcd02281bd
all_gather,8,512,91.136001,77.8239965439,178.176000714,78.8479968905,117.760002613,202443,"gpu[102,105]",3f0aa24ea16573e3fc2ca030d541009cf308d12f,dc211d81d86a422d6f79aa41cbb52c30038797e3,NVIDIA A100-SXM4-80GB,cuda/12.2.2,23102,Socket,0,84c39ea204f0739363dcefb5be4068870499c3fb33eb0838df4ee2b5258495fe,c7dcd9e17a661804a6c722239070e2b41edd9dc5355188b7b178cc050ef6a1cb,dba12e429fe11268b895d0531ba96a7f679f35227d5b1ec77c5febbcd02281bd
all_gather,8,2048,100.351997,88.0640000105,2309.1199398,90.1120007038,1333.24801922,202443,"gpu[102,105]",3f0aa24ea16573e3fc2ca030d541009cf308d12f,dc211d81d86a422d6f79aa41cbb52c30038797e3,NVIDIA A100-SXM4-80GB,cuda/12.2.2,23102,Socket,0,84c39ea204f0739363dcefb5be4068870499c3fb33eb0838df4ee2b5258495fe,c7dcd9e17a661804a6c722239070e2b41edd9dc5355188b7b178cc050ef6a1cb,dba12e429fe11268b895d0531ba96a7f679f35227d5b1ec77c5febbcd02281bd
all_gather,8,8192,110.592,97.2800031304,144.383996725,102.399997413,141.312003136,202443,"gpu[102,105]",3f0aa24ea16573e3fc2ca030d541009cf308d12f,dc211d81d86a422d6f79aa41cbb52c30038797e3,NVIDIA A100-SXM4-80GB,cuda/12.2.2,23102,Socket,0,84c39ea204f0739363dcefb5be4068870499c3fb33eb0838df4ee2b5258495fe,c7dcd9e17a661804a6c722239070e2b41edd9dc5355188b7b178cc050ef6a1cb,dba12e429fe11268b895d0531ba96a7f679f35227d5b1ec77c5febbcd02281bd
all_gather,8,32768,138.239995,122.879996896,172.031998634,130.048006773,164.864003658,202443,"gpu[102,105]",3f0aa24ea16573e3fc2ca030d541009cf308d12f,dc211d81d86a422d6f79aa41cbb52c30038797e3,NVIDIA A100-SXM4-80GB,cuda/12.2.2,23102,Socket,0,84c39ea204f0739363dcefb5be4068870499c3fb33eb0838df4ee2b5258495fe,c7dcd9e17a661804a6c722239070e2b41edd9dc5355188b7b178cc050ef6a1cb,dba12e429fe11268b895d0531ba96a7f679f35227d5b1ec77c5febbcd02281bd
all_gather,8,65536,178.176001,156.672000885,224.255993962,162.816002965,215.039998293,202443,"gpu[102,105]",3f0aa24ea16573e3fc2ca030d541009cf308d12f,dc211d81d86a422d6f79aa41cbb52c30038797e3,NVIDIA A100-SXM4-80GB,cuda/12.2.2,23102,Socket,0,84c39ea204f0739363dcefb5be4068870499c3fb33eb0838df4ee2b5258495fe,c7dcd9e17a661804a6c722239070e2b41edd9dc5355188b7b178cc050ef6a1cb,dba12e429fe11268b895d0531ba96a7f679f35227d5b1ec77c5febbcd02281bd
all_gather,8,131072,241.664007,227.328002453,283.648014069,227.328002453,281.599998474,202443,"gpu[102,105]",3f0aa24ea16573e3fc2ca030d541009cf308d12f,dc211d81d86a422d6f79aa41cbb52c30038797e3,NVIDIA A100-SXM4-80GB,cuda/12.2.2,23102,Socket,0,84c39ea204f0739363dcefb5be4068870499c3fb33eb0838df4ee2b5258495fe,c7dcd9e17a661804a6c722239070e2b41edd9dc5355188b7b178cc050ef6a1cb,dba12e429fe11268b895d0531ba96a7f679f35227d5b1ec77c5febbcd02281bd
all_gather,8,196608,392.192006,355.327993631,440.319985151,356.352001429,439.296007156,202443,"gpu[102,105]",3f0aa24ea16573e3fc2ca030d541009cf308d12f,dc211d81d86a422d6f79aa41cbb52c30038797e3,NVIDIA A100-SXM4-80GB,cuda/12.2.2,23102,Socket,0,84c39ea204f0739363dcefb5be4068870499c3fb33eb0838df4ee2b5258495fe,c7dcd9e17a661804a6c722239070e2b41edd9dc5355188b7b178cc050ef6a1cb,dba12e429fe11268b895d0531ba96a7f679f35227d5b1ec77c5febbcd02281bd
all_gather,8,262144,503.808022,452.607989311,552.95997858,460.799992085,538.623988628,202443,"gpu[102,105]",3f0aa24ea16573e3fc2ca030d541009cf308d12f,dc211d81d86a422d6f79aa41cbb52c30038797e3,NVIDIA A100-SXM4-80GB,cuda/12.2.2,23102,Socket,0,84c39ea204f0739363dcefb5be4068870499c3fb33eb0838df4ee2b5258495fe,c7dcd9e17a661804a6c722239070e2b41edd9dc5355188b7b178cc050ef6a1cb,dba12e429fe11268b895d0531ba96a7f679f35227d5b1ec77c5febbcd02281bd
all_gather,8,393216,585.72799,547.839999199,631.807982922,548.864006996,609.279990196,202443,"gpu[102,105]",3f0aa24ea16573e3fc2ca030d541009cf308d12f,dc211d81d86a422d6f79aa41cbb52c30038797e3,NVIDIA A100-SXM4-80GB,cuda/12.2.2,23102,Socket,0,84c39ea204f0739363dcefb5be4068870499c3fb33eb0838df4ee2b5258495fe,c7dcd9e17a661804a6c722239070e2b41edd9dc5355188b7b178cc050ef6a1cb,dba12e429fe11268b895d0531ba96a7f679f35227d5b1ec77c5febbcd02281bd
all_gather,8,524288,604.160011,553.983986378,660.48002243,575.487971306,641.023993492,202443,"gpu[102,105]",3f0aa24ea16573e3fc2ca030d541009cf308d12f,dc211d81d86a422d6f79aa41cbb52c30038797e3,NVIDIA A100-SXM4-80GB,cuda/12.2.2,23102,Socket,0,84c39ea204f0739363dcefb5be4068870499c3fb33eb0838df4ee2b5258495fe,c7dcd9e17a661804a6c722239070e2b41edd9dc5355188b7b178cc050ef6a1cb,dba12e429fe11268b895d0531ba96a7f679f35227d5b1ec77c5febbcd02281bd
all_gather,8,655360,672.767997,615.423977375,740.351974964,639.999985695,724.991977215,202443,"gpu[102,105]",3f0aa24ea16573e3fc2ca030d541009cf308d12f,dc211d81d86a422d6f79aa41cbb52c30038797e3,NVIDIA A100-SXM4-80GB,cuda/12.2.2,23102,Socket,0,84c39ea204f0739363dcefb5be4068870499c3fb33eb0838df4ee2b5258495fe,c7dcd9e17a661804a6c722239070e2b41edd9dc5355188b7b178cc050ef6a1cb,dba12e429fe11268b895d0531ba96a7f679f35227d5b1ec77c5febbcd02281bd
all_gather,8,786432,699.392021,675.84002018,750.591993332,675.84002018,747.520029545,202443,"gpu[102,105]",3f0aa24ea16573e3fc2ca030d541009cf308d12f,dc211d81d86a422d6f79aa41cbb52c30038797e3,NVIDIA A100-SXM4-80GB,cuda/12.2.2,23102,Socket,0,84c39ea204f0739363dcefb5be4068870499c3fb33eb0838df4ee2b5258495fe,c7dcd9e17a661804a6c722239070e2b41edd9dc5355188b7b178cc050ef6a1cb,dba12e429fe11268b895d0531ba96a7f679f35227d5b1ec77c5febbcd02281bd
all_gather,8,917504,743.423998,703.487992287,794.623970985,707.584023476,786.432027817,202443,"gpu[102,105]",3f0aa24ea16573e3fc2ca030d541009cf308d12f,dc211d81d86a422d6f79aa41cbb52c30038797e3,NVIDIA A100-SXM4-80GB,cuda/12.2.2,23102,Socket,0,84c39ea204f0739363dcefb5be4068870499c3fb33eb0838df4ee2b5258495fe,c7dcd9e17a661804a6c722239070e2b41edd9dc5355188b7b178cc050ef6a1cb,dba12e429fe11268b895d0531ba96a7f679f35227d5b1ec77c5febbcd02281bd
all_gather,8,1048576,781.311989,697.344005108,858.111977577,741.375982761,808.960020542,202443,"gpu[102,105]",3f0aa24ea16573e3fc2ca030d541009cf308d12f,dc211d81d86a422d6f79aa41cbb52c30038797e3,NVIDIA A100-SXM4-80GB,cuda/12.2.2,23102,Socket,0,84c39ea204f0739363dcefb5be4068870499c3fb33eb0838df4ee2b5258495fe,c7dcd9e17a661804a6c722239070e2b41edd9dc5355188b7b178cc050ef6a1cb,dba12e429fe11268b895d0531ba96a7f679f35227d5b1ec77c5febbcd02281bd
all_gather,8,1179648,843.775988,787.455976009,915.45599699,804.863989353,910.336017609,202443,"gpu[102,105]",3f0aa24ea16573e3fc2ca030d541009cf308d12f,dc211d81d86a422d6f79aa41cbb52c30038797e3,NVIDIA A100-SXM4-80GB,cuda/12.2.2,23102,Socket,0,84c39ea204f0739363dcefb5be4068870499c3fb33eb0838df4ee2b5258495fe,c7dcd9e17a661804a6c722239070e2b41edd9dc5355188b7b178cc050ef6a1cb,dba12e429fe11268b895d0531ba96a7f679f35227d5b1ec77c5febbcd02281bd
all_gather,8,1310720,659.456015,590.84802866,879.61602211,591.871976852,871.424019337,202443,"gpu[102,105]",3f0aa24ea16573e3fc2ca030d541009cf308d12f,dc211d81d86a422d6f79aa41cbb52c30038797e3,NVIDIA A100-SXM4-80GB,cuda/12.2.2,23102,Socket,0,84c39ea204f0739363dcefb5be4068870499c3fb33eb0838df4ee2b5258495fe,c7dcd9e17a661804a6c722239070e2b41edd9dc5355188b7b178cc050ef6a1cb,dba12e429fe11268b895d0531ba96a7f679f35227d5b1ec77c5febbcd02281bd
all_gather,8,1572864,632.831991,609.279990196,705.536007881,609.279990196,676.864027977,202443,"gpu[102,105]",3f0aa24ea16573e3fc2ca030d541009cf308d12f,dc211d81d86a422d6f79aa41cbb52c30038797e3,NVIDIA A100-SXM4-80GB,cuda/12.2.2,23102,Socket,0,84c39ea204f0739363dcefb5be4068870499c3fb33eb0838df4ee2b5258495fe,c7dcd9e17a661804a6c722239070e2b41edd9dc5355188b7b178cc050ef6a1cb,dba12e429fe11268b895d0531ba96a7f679f35227d5b1ec77c5febbcd02281bd
all_gather,8,2097152,702.463984,655.359983444,761.856019497,659.456014633,758.783996105,202443,"gpu[102,105]",3f0aa24ea16573e3fc2ca030d541009cf308d12f,dc211d81d86a422d6f79aa41cbb52c30038797e3,NVIDIA A100-SXM4-80GB,cuda/12.2.2,23102,Socket,0,84c39ea204f0739363dcefb5be4068870499c3fb33eb0838df4ee2b5258495fe,c7dcd9e17a661804a6c722239070e2b41edd9dc5355188b7b178cc050ef6a1cb,dba12e429fe11268b895d0531ba96a7f679f35227d5b1ec77c5febbcd02281bd
all_gather,8,3145728,934.912026,857.088029385,1004.5440197,868.351995945,990.208029747,202443,"gpu[102,105]",3f0aa24ea16573e3fc2ca030d541009cf308d12f,dc211d81d86a422d6f79aa41cbb52c30038797e3,NVIDIA A100-SXM4-80GB,cuda/12.2.2,23102,Socket,0,84c39ea204f0739363dcefb5be4068870499c3fb33eb0838df4ee2b5258495fe,c7dcd9e17a661804a6c722239070e2b41edd9dc5355188b7b178cc050ef6a1cb,dba12e429fe11268b895d0531ba96a7f679f35227d5b1ec77c5febbcd02281bd
all_gather,8,4194304,1102.848053,995.328009129,1181.69605732,999.423980713,1163.26403618,202443,"gpu[102,105]",3f0aa24ea16573e3fc2ca030d541009cf308d12f,dc211d81d86a422d6f79aa41cbb52c30038797e3,NVIDIA A100-SXM4-80GB,cuda/12.2.2,23102,Socket,0,84c39ea204f0739363dcefb5be4068870499c3fb33eb0838df4ee2b5258495fe,c7dcd9e17a661804a6c722239070e2b41edd9dc5355188b7b178cc050ef6a1cb,dba12e429fe11268b895d0531ba96a7f679f35227d5b1ec77c5febbcd02281bd
all_gather,8,8388608,1654.783964,1435.64796448,1896.44801617,1517.56799221,1852.41603851,202443,"gpu[102,105]",3f0aa24ea16573e3fc2ca030d541009cf308d12f,dc211d81d86a422d6f79aa41cbb52c30038797e3,NVIDIA A100-SXM4-80GB,cuda/12.2.2,23102,Socket,0,84c39ea204f0739363dcefb5be4068870499c3fb33eb0838df4ee2b5258495fe,c7dcd9e17a661804a6c722239070e2b41edd9dc5355188b7b178cc050ef6a1cb,dba12e429fe11268b895d0531ba96a7f679f35227d5b1ec77c5febbcd02281bd
all_gather,8,16777216,3050.496101,2415.61603546,3392.51208305,2617.34390259,3336.19189262,202443,"gpu[102,105]",3f0aa24ea16573e3fc2ca030d541009cf308d12f,dc211d81d86a422d6f79aa41cbb52c30038797e3,NVIDIA A100-SXM4-80GB,cuda/12.2.2,23102,Socket,0,84c39ea204f0739363dcefb5be4068870499c3fb33eb0838df4ee2b5258495fe,c7dcd9e17a661804a6c722239070e2b41edd9dc5355188b7b178cc050ef6a1cb,dba12e429fe11268b895d0531ba96a7f679f35227d5b1ec77c5febbcd02281bd
all_gather,8,33554432,5967.872143,5157.88793564,6243.32809448,5236.73582077,6167.55199432,202443,"gpu[102,105]",3f0aa24ea16573e3fc2ca030d541009cf308d12f,dc211d81d86a422d6f79aa41cbb52c30038797e3,NVIDIA A100-SXM4-80GB,cuda/12.2.2,23102,Socket,0,84c39ea204f0739363dcefb5be4068870499c3fb33eb0838df4ee2b5258495fe,c7dcd9e17a661804a6c722239070e2b41edd9dc5355188b7b178cc050ef6a1cb,dba12e429fe11268b895d0531ba96a7f679f35227d5b1ec77c5febbcd02281bd
all_gather,8,67108864,11149.312019,9853.95240784,11629.5681,10389.5044327,11559.9355698,202443,"gpu[102,105]",3f0aa24ea16573e3fc2ca030d541009cf308d12f,dc211d81d86a422d6f79aa41cbb52c30038797e3,NVIDIA A100-SXM4-80GB,cuda/12.2.2,23102,Socket,0,84c39ea204f0739363dcefb5be4068870499c3fb33eb0838df4ee2b5258495fe,c7dcd9e17a661804a6c722239070e2b41edd9dc5355188b7b178cc050ef6a1cb,dba12e429fe11268b895d0531ba96a7f679f35227d5b1ec77c5febbcd02281bd
reduce_scatter,8,512,81.919998,75.7760033011,201.728001237,76.8000036478,114.688001573,202443,"gpu[102,105]",3f0aa24ea16573e3fc2ca030d541009cf308d12f,dc211d81d86a422d6f79aa41cbb52c30038797e3,NVIDIA A100-SXM4-80GB,cuda/12.2.2,23102,Socket,0,84c39ea204f0739363dcefb5be4068870499c3fb33eb0838df4ee2b5258495fe,c7dcd9e17a661804a6c722239070e2b41edd9dc5355188b7b178cc050ef6a1cb,dba12e429fe11268b895d0531ba96a7f679f35227d5b1ec77c5febbcd02281bd
reduce_scatter,8,2048,94.208002,83.9679986238,143.360003829,84.9919989705,129.023998976,202443,"gpu[102,105]",3f0aa24ea16573e3fc2ca030d541009cf308d12f,dc211d81d86a422d6f79aa41cbb52c30038797e3,NVIDIA A100-SXM4-80GB,cuda/12.2.2,23102,Socket,0,84c39ea204f0739363dcefb5be4068870499c3fb33eb0838df4ee2b5258495fe,c7dcd9e17a661804a6c722239070e2b41edd9dc5355188b7b178cc050ef6a1cb,dba12e429fe11268b895d0531ba96a7f679f35227d5b1ec77c5febbcd02281bd
reduce_scatter,8,8192,98.304003,88.0640000105,135.168001056,92.1600013971,134.143993258,202443,"gpu[102,105]",3f0aa24ea16573e3fc2ca030d541009cf308d12f,dc211d81d86a422d6f79aa41cbb52c30038797e3,NVIDIA A100-SXM4-80GB,cuda/12.2.2,23102,Socket,0,84c39ea204f0739363dcefb5be4068870499c3fb33eb0838df4ee2b5258495fe,c7dcd9e17a661804a6c722239070e2b41edd9dc5355188b7b178cc050ef6a1cb,dba12e429fe11268b895d0531ba96a7f679f35227d5b1ec77c5febbcd02281bd
reduce_scatter,8,32768,133.12,123.903997242,89805.8242798,124.927997589,172.031998634,202443,"gpu[102,105]",3f0aa24ea16573e3fc2ca030d541009cf308d12f,dc211d81d86a422d6f79aa41cbb52c30038797e3,NVIDIA A100-SXM4-80GB,cuda/12.2.2,23102,Socket,0,84c39ea204f0739363dcefb5be4068870499c3fb33eb0838df4ee2b5258495fe,c7dcd9e17a661804a6c722239070e2b41edd9dc5355188b7b178cc050ef6a1cb,dba12e429fe11268b895d0531ba96a7f679f35227d5b1ec77c5febbcd02281bd
reduce_scatter,8,65536,153.600007,143.360003829,182.272002101,144.383996725,180.224001408,202443,"gpu[102,105]",3f0aa24ea16573e3fc2ca030d541009cf308d12f,dc211d81d86a422d6f79aa41cbb52c30038797e3,NVIDIA A100-SXM4-80GB,cuda/12.2.2,23102,Socket,0,84c39ea204f0739363dcefb5be4068870499c3fb33eb0838df4ee2b5258495fe,c7dcd9e17a661804a6c722239070e2b41edd9dc5355188b7b178cc050ef6a1cb,dba12e429fe11268b895d0531ba96a7f679f35227d5b1ec77c5febbcd02281bd
reduce_scatter,8,131072,240.64,230.399996042,283.648014069,231.424003839,281.599998474,202443,"gpu[102,105]",3f0aa24ea16573e3fc2ca030d541009cf308d12f,dc211d81d86a422d6f79aa41cbb52c30038797e3,NVIDIA A100-SXM4-80GB,cuda/12.2.2,23102,Socket,0,84c39ea204f0739363dcefb5be4068870499c3fb33eb0838df4ee2b5258495fe,c7dcd9e17a661804a6c722239070e2b41edd9dc5355188b7b178cc050ef6a1cb,dba12e429fe11268b895d0531ba96a7f679f35227d5b1ec77c5febbcd02281bd
reduce_scatter,8,196608,330.751985,318.464010954,544.767975807,319.487988949,445.439994335,202443,"gpu[102,105]",3f0aa24ea16573e3fc2ca030d541009cf308d12f,dc211d81d86a422d6f79aa41cbb52c30038797e3,NVIDIA A100-SXM4-80GB,cuda/12.2.2,23102,Socket,0,84c39ea204f0739363dcefb5be4068870499c3fb33eb0838df4ee2b5258495fe,c7dcd9e17a661804a6c722239070e2b41edd9dc5355188b7b178cc050ef6a1cb,dba12e429fe11268b895d0531ba96a7f679f35227d5b1ec77c5febbcd02281bd
reduce_scatter,8,262144,410.623997,386.04798913,449.535995722,391.167998314,446.464002132,202443,"gpu[102,105]",3f0aa24ea16573e3fc2ca030d541009cf308d12f,dc211d81d86a422d6f79aa41cbb52c30038797e3,NVIDIA A100-SXM4-80GB,cuda/12.2.2,23102,Socket,0,84c39ea204f0739363dcefb5be4068870499c3fb33eb0838df4ee2b5258495fe,c7dcd9e17a661804a6c722239070e2b41edd9dc5355188b7b178cc050ef6a1cb,dba12e429fe11268b895d0531ba96a7f679f35227d5b1ec77c5febbcd02281bd
reduce_scatter,8,393216,470.016003,432.12801218,580.608010292,435.20000577,564.224004745,202443,"gpu[102,105]",3f0aa24ea16573e3fc2ca030d541009cf308d12f,dc211d81d86a422d6f79aa41cbb52c30038797e3,NVIDIA A100-SXM4-80GB,cuda/12.2.2,23102,Socket,0,84c39ea204f0739363dcefb5be4068870499c3fb33eb0838df4ee2b5258495fe,c7dcd9e17a661804a6c722239070e2b41edd9dc5355188b7b178cc050ef6a1cb,dba12e429fe11268b895d0531ba96a7f679f35227d5b1ec77c5febbcd02281bd
reduce_scatter,8,524288,525.312006,474.112004042,580.608010292,478.208005428,578.559994698,202443,"gpu[102,105]",3f0aa24ea16573e3fc2ca030d541009cf308d12f,dc211d81d86a422d6f79aa41cbb52c30038797e3,NVIDIA A100-SXM4-80GB,cuda/12.2.2,23102,Socket,0,84c39ea204f0739363dcefb5be4068870499c3fb33eb0838df4ee2b5258495fe,c7dcd9e17a661804a6c722239070e2b41edd9dc5355188b7b178cc050ef6a1cb,dba12e429fe11268b895d0531ba96a7f679f35227d5b1ec77c5febbcd02281bd
reduce_scatter,8,655360,586.751997,509.952008724,655.359983444,527.360022068,645.120024681,202443,"gpu[102,105]",3f0aa24ea16573e3fc2ca030d541009cf308d12f,dc211d81d86a422d6f79aa41cbb52c30038797e3,NVIDIA A100-SXM4-80GB,cuda/12.2.2,23102,Socket,0,84c39ea204f0739363dcefb5be4068870499c3fb33eb0838df4ee2b5258495fe,c7dcd9e17a661804a6c722239070e2b41edd9dc5355188b7b178cc050ef6a1cb,dba12e429fe11268b895d0531ba96a7f679f35227d5b1ec77c5febbcd02281bd
reduce_scatter,8,786432,678.911984,556.032001972,754.688024521,608.255982399,730.112016201,202443,"gpu[102,105]",3f0aa24ea16573e3fc2ca030d541009cf308d12f,dc211d81d86a422d6f79aa41cbb52c30038797e3,NVIDIA A100-SXM4-80GB,cuda/12.2.2,23102,Socket,0,84c39ea204f0739363dcefb5be4068870499c3fb33eb0838df4ee2b5258495fe,c7dcd9e17a661804a6c722239070e2b41edd9dc5355188b7b178cc050ef6a1cb,dba12e429fe11268b895d0531ba96a7f679f35227d5b1ec77c5febbcd02281bd
reduce_scatter,8,917504,722.944021,572.416007519,856.064021587,586.751997471,800.768017769,202443,"gpu[102,105]",3f0aa24ea16573e3fc2ca030d541009cf308d12f,dc211d81d86a422d6f79aa41cbb52c30038797e3,NVIDIA A100-SXM4-80GB,cuda/12.2.2,23102,Socket,0,84c39ea204f0739363dcefb5be4068870499c3fb33eb0838df4ee2b5258495fe,c7dcd9e17a661804a6c722239070e2b41edd9dc5355188b7b178cc050ef6a1cb,dba12e429fe11268b895d0531ba96a7f679f35227d5b1ec77c5febbcd02281bd
reduce_scatter,8,1048576,647.167981,593.919992447,708.607971668,598.016023636,692.224025726,202443,"gpu[102,105]",3f0aa24ea16573e3fc2ca030d541009cf308d12f,dc211d81d86a422d6f79aa41cbb52c30038797e3,NVIDIA A100-SXM4-80GB,cuda/12.2.2,23102,Socket,0,84c39ea204f0739363dcefb5be4068870499c3fb33eb0838df4ee2b5258495fe,c7dcd9e17a661804a6c722239070e2b41edd9dc5355188b7b178cc050ef6a1cb,dba12e429fe11268b895d0531ba96a7f679f35227d5b1ec77c5febbcd02281bd
reduce_scatter,8,1179648,690.17601,637.952029705,760.8320117,637.952029705,745.47201395,202443,"gpu[102,105]",3f0aa24ea16573e3fc2ca030d541009cf308d12f,dc211d81d86a422d6f79aa41cbb52c30038797e3,NVIDIA A100-SXM4-80GB,cuda/12.2.2,23102,Socket,0,84c39ea204f0739363dcefb5be4068870499c3fb33eb0838df4ee2b5258495fe,c7dcd9e17a661804a6c722239070e2b41edd9dc5355188b7b178cc050ef6a1cb,dba12e429fe11268b895d0531ba96a7f679f35227d5b1ec77c5febbcd02281bd
reduce_scatter,8,1310720,603.136003,578.559994698,757.759988308,580.608010292,681.984007359,202443,"gpu[102,105]",3f0aa24ea16573e3fc2ca030d541009cf308d12f,dc211d81d86a422d6f79aa41cbb52c30038797e3,NVIDIA A100-SXM4-80GB,cuda/12.2.2,23102,Socket,0,84c39ea204f0739363dcefb5be4068870499c3fb33eb0838df4ee2b5258495fe,c7dcd9e17a661804a6c722239070e2b41edd9dc5355188b7b178cc050ef6a1cb,dba12e429fe11268b895d0531ba96a7f679f35227d5b1ec77c5febbcd02281bd
reduce_scatter,8,1572864,639.999986,599.039971828,943.104028702,604.160010815,750.591993332,202443,"gpu[102,105]",3f0aa24ea16573e3fc2ca030d541009cf308d12f,dc211d81d86a422d6f79aa41cbb52c30038797e3,NVIDIA A100-SXM4-80GB,cuda/12.2.2,23102,Socket,0,84c39ea204f0739363dcefb5be4068870499c3fb33eb0838df4ee2b5258495fe,c7dcd9e17a661804a6c722239070e2b41edd9dc5355188b7b178cc050ef6a1cb,dba12e429fe11268b895d0531ba96a7f679f35227d5b1ec77c5febbcd02281bd
reduce_scatter,8,2097152,684.032023,652.288019657,792.576014996,655.359983444,775.168001652,202443,"gpu[102,105]",3f0aa24ea16573e3fc2ca030d541009cf308d12f,dc211d81d86a422d6f79aa41cbb52c30038797e3,NVIDIA A100-SXM4-80GB,cuda/12.2.2,23102,Socket,0,84c39ea204f0739363dcefb5be4068870499c3fb33eb0838df4ee2b5258495fe,c7dcd9e17a661804a6c722239070e2b41edd9dc5355188b7b178cc050ef6a1cb,dba12e429fe11268b895d0531ba96a7f679f35227d5b1ec77c5febbcd02281bd
reduce_scatter,8,3145728,933.888018,843.775987625,1106.94396496,854.016005993,1001.47199631,202443,"gpu[102,105]",3f0aa24ea16573e3fc2ca030d541009cf308d12f,dc211d81d86a422d6f79aa41cbb52c30038797e3,NVIDIA A100-SXM4-80GB,cuda/12.2.2,23102,Socket,0,84c39ea204f0739363dcefb5be4068870499c3fb33eb0838df4ee2b5258495fe,c7dcd9e17a661804a6c722239070e2b41edd9dc5355188b7b178cc050ef6a1cb,dba12e429fe11268b895d0531ba96a7f679f35227d5b1ec77c5febbcd02281bd
reduce_scatter,8,4194304,1056.767941,972.800016403,1165.31205177,975.87198019,1164.28804398,202443,"gpu[102,105]",3f0aa24ea16573e3fc2ca030d541009cf308d12f,dc211d81d86a422d6f79aa41cbb52c30038797e3,NVIDIA A100-SXM4-80GB,cuda/12.2.2,23102,Socket,0,84c39ea204f0739363dcefb5be4068870499c3fb33eb0838df4ee2b5258495fe,c7dcd9e17a661804a6c722239070e2b41edd9dc5355188b7b178cc050ef6a1cb,dba12e429fe11268b895d0531ba96a7f679f35227d5b1ec77c5febbcd02281bd
reduce_scatter,8,8388608,1642.49599,1441.79201126,1897.47202396,1442.81601906,1837.05604076,202443,"gpu[102,105]",3f0aa24ea16573e3fc2ca030d541009cf308d12f,dc211d81d86a422d6f79aa41cbb52c30038797e3,NVIDIA A100-SXM4-80GB,cuda/12.2.2,23102,Socket,0,84c39ea204f0739363dcefb5be4068870499c3fb33eb0838df4ee2b5258495fe,c7dcd9e17a661804a6c722239070e2b41edd9dc5355188b7b178cc050ef6a1cb,dba12e429fe11268b895d0531ba96a7f679f35227d5b1ec77c5febbcd02281bd
reduce_scatter,8,16777216,3043.328047,2646.01588249,3319.80800629,2685.95194817,3288.06400299,202443,"gpu[102,105]",3f0aa24ea16573e3fc2ca030d541009cf308d12f,dc211d81d86a422d6f79aa41cbb52c30038797e3,NVIDIA A100-SXM4-80GB,cuda/12.2.2,23102,Socket,0,84c39ea204f0739363dcefb5be4068870499c3fb33eb0838df4ee2b5258495fe,c7dcd9e17a661804a6c722239070e2b41edd9dc5355188b7b178cc050ef6a1cb,dba12e429fe11268b895d0531ba96a7f679f35227d5b1ec77c5febbcd02281bd
reduce_scatter,8,33554432,5958.655834,5445.6319809,6172.67179489,5450.75178146,6151.16786957,202443,"gpu[102,105]",3f0aa24ea16573e3fc2ca030d541009cf308d12f,dc211d81d86a422d6f79aa41cbb52c30038797e3,NVIDIA A100-SXM4-80GB,cuda/12.2.2,23102,Socket,0,84c39ea204f0739363dcefb5be4068870499c3fb33eb0838df4ee2b5258495fe,c7dcd9e17a661804a6c722239070e2b41edd9dc5355188b7b178cc050ef6a1cb,dba12e429fe11268b895d0531ba96a7f679f35227d5b1ec77c5febbcd02281bd
reduce_scatter,8,67108864,11105.279922,10502.1438599,11450.3679276,10765.3121948,11389.9517059,202443,"gpu[102,105]",3f0aa24ea16573e3fc2ca030d541009cf308d12f,dc211d81d86a422d6f79aa41cbb52c30038797e3,NVIDIA A100-SXM4-80GB,cuda/12.2.2,23102,Socket,0,84c39ea204f0739363dcefb5be4068870499c3fb33eb0838df4ee2b5258495fe,c7dcd9e17a661804a6c722239070e2b41edd9dc5355188b7b178cc050ef6a1cb,dba12e429fe11268b895d0531ba96a7f679f35227d5b1ec77c5febbcd02281bd
