cell_id,operation,ranks,true_bytes,measured_ps,attempt_0004_prediction_ps,attempt_0004_relative_error,attempt_0005_prediction_ps,attempt_0005_relative_error,arithmetic_prediction_ps,arithmetic_relative_error,final_prediction_ps,final_relative_error,passed,rule
half/all_gather/r2/i01,all_gather,2,1024,5310000,5190640,0.02247834274952919,5274928,0.006604896421845574,5280000,0.005649717514124294,5280000,0.005649717514124294,True,geometric-symmetric-operation-anchor+paired-training-trough
half/all_gather/r2/i03,all_gather,2,4096,5380000,5553102,0.03217509293680297,5461505,0.015149628252788105,5411667,0.0058860594795539034,5410515,0.005671933085501859,True,geometric-symmetric-operation-anchor
half/all_gather/r2/i05,all_gather,2,16384,5780000,7002951,0.21158321799307958,6271667,0.08506349480968858,5843334,0.010957439446366781,5841051,0.010562456747404844,True,geometric-symmetric-operation-anchor
half/all_gather/r2/i07,all_gather,2,65536,6240000,6083477,0.025083814102564102,6124291,0.018543108974358975,6055000,0.029647435897435896,6054751,0.029687339743589742,True,geometric-symmetric-operation-anchor
half/all_gather/r2/i09,all_gather,2,262144,7020000,7079278,0.008444159544159544,7420415,0.05703917378917379,7143334,0.01756894586894587,7143023,0.017524643874643874,True,geometric-symmetric-operation-anchor
half/all_gather/r2/i11,all_gather,2,1048576,10960000,11062483,0.009350638686131387,10899199,0.005547536496350365,10690000,0.024635036496350366,10685505,0.025045164233576642,True,geometric-symmetric-operation-anchor
half/all_gather/r2/i13,all_gather,2,4194304,26500000,26995303,0.018690679245283018,29431424,0.11061977358490566,28317436,0.06858249056603774,28314698,0.06847916981132075,True,geometric-symmetric-operation-anchor+above-floor-transition
half/all_gather/r2/i15,all_gather,2,16777216,54000000,52915003,0.020092537037037037,52079050,0.035573148148148145,51961667,0.03774690740740741,51928307,0.03836468518518518,True,geometric-symmetric-operation-anchor
half/all_gather/r2/i17,all_gather,2,67108864,156380000,152183087,0.02683791405550582,163668725,0.04660906126103082,160348334,0.025376224581148483,160288456,0.02499332395446988,True,geometric-symmetric-operation-anchor
half/all_gather/r2/i19,all_gather,2,268435456,546520000,549255423,0.005005165410232013,505923416,0.07428197321232526,561981667,0.02829112749762131,561530738,0.02746603600966113,True,geometric-symmetric-operation-anchor
half/all_gather/r4/i01,all_gather,4,1024,7160000,7057589,0.014303212290502793,6959137,0.028053491620111733,7100000,0.008379888268156424,7100000,0.008379888268156424,True,geometric-symmetric-operation-anchor+paired-training-trough
half/all_gather/r4/i03,all_gather,4,4096,7240000,7221810,0.0025124309392265194,7333149,0.012865883977900552,7273334,0.004604143646408839,7273331,0.004603729281767956,True,geometric-symmetric-operation-anchor
half/all_gather/r4/i05,all_gather,4,16384,8360000,7878691,0.05757284688995215,8107090,0.030252392344497607,7773334,0.07017535885167464,7772647,0.07025753588516746,True,geometric-symmetric-operation-anchor
half/all_gather/r4/i07,all_gather,4,65536,8770000,10506216,0.1979721778791334,9188870,0.04776168757126568,8488334,0.0321169897377423,8481184,0.03293226909920183,True,geometric-symmetric-operation-anchor
half/all_gather/r4/i09,all_gather,4,262144,8970000,9623684,0.07287447045707915,9200362,0.02568138238573021,9043334,0.008175473801560758,9024500,0.006075808249721293,True,geometric-symmetric-operation-anchor
half/all_gather/r4/i11,all_gather,4,1048576,13540000,13597624,0.004255834564254062,11902522,0.12093633677991138,12628334,0.06733131462333826,12594166,0.06985480059084195,True,geometric-symmetric-operation-anchor
half/all_gather/r4/i13,all_gather,4,4194304,35770000,29493384,0.17547151244059267,42760018,0.19541565557729942,36527693,0.021182359519150127,36364122,0.016609505171931785,True,geometric-symmetric-operation-anchor+above-floor-transition
half/all_gather/r4/i15,all_gather,4,16777216,64400000,63965422,0.006748105590062112,57595151,0.10566535714285714,60998334,0.052820900621118015,60910174,0.05418984472049689,True,geometric-symmetric-operation-anchor
half/all_gather/r4/i17,all_gather,4,67108864,191240000,182684335,0.04473784250156871,196375262,0.02685244718678101,187913334,0.01739524158125915,187889279,0.017521025935996654,True,geometric-symmetric-operation-anchor
half/all_gather/r4/i19,all_gather,4,268435456,660790000,657559989,0.004888105146869656,602276254,0.08855119780868355,660256667,0.0008071142117768126,660211611,0.0008752992630033748,True,geometric-symmetric-operation-anchor
half/all_gather/r8/i01,all_gather,8,1024,10310000,10342819,0.0031832201745877788,11646645,0.1296454898157129,11020000,0.06886517943743937,10997746,0.0667066925315228,True,geometric-symmetric-operation-anchor
half/all_gather/r8/i03,all_gather,8,4096,11460000,10851064,0.05313577661431065,9784300,0.14622164048865618,10530000,0.08115183246073299,10530000,0.08115183246073299,True,geometric-symmetric-operation-anchor+paired-training-trough
half/all_gather/r8/i05,all_gather,8,16384,13340000,12884042,0.03417976011994003,12966315,0.028012368815592204,12065000,0.09557721139430285,12027145,0.09841491754122939,True,geometric-symmetric-operation-anchor
half/all_gather/r8/i07,all_gather,8,65536,14820000,21015954,0.4180805668016194,18299815,0.234805330634278,14518334,0.020355330634278003,14492939,0.02206889338731444,True,geometric-symmetric-operation-anchor
half/all_gather/r8/i09,all_gather,8,262144,17710000,14231569,0.19641055900621118,13135061,0.25832518351214,16602565,0.06253162055335969,16602565,0.06253162055335969,True,geometric-symmetric-operation-anchor+paired-training-trough+whole-completion-transition
half/all_gather/r8/i11,all_gather,8,1048576,18650000,17321997,0.07120659517426274,17861324,0.04228825737265415,17028334,0.08695260053619303,17028234,0.08695796246648793,True,geometric-symmetric-operation-anchor
half/all_gather/r8/i13,all_gather,8,4194304,35800000,29683709,0.17084611731843574,33487778,0.06458720670391062,35942394,0.003977486033519553,35924221,0.0034698603351955306,True,geometric-symmetric-operation-anchor+above-floor-transition
half/all_gather/r8/i15,all_gather,8,16777216,66520000,79130559,0.18957545099218281,76011324,0.14268376428141913,69821667,0.04963420024052916,69817292,0.04956843054720385,True,geometric-symmetric-operation-anchor
half/all_gather/r8/i17,all_gather,8,67108864,207640000,208059677,0.002021176073974186,214197596,0.03158156424581006,206211667,0.006878891350414178,206189086,0.0069876420728183395,True,geometric-symmetric-operation-anchor
half/all_gather/r8/i19,all_gather,8,268435456,722100000,720447679,0.002288216313529982,696762993,0.03508794765267968,717883334,0.005839448829801966,717881453,0.00584205373217006,True,geometric-symmetric-operation-anchor
half/reduce_scatter/r2/i00,reduce_scatter,2,512,5260000,5327781,0.012886121673003802,5388715,0.024470532319391634,5276667,0.0031686311787072242,5276667,0.0031686311787072242,True,geometric-symmetric-operation-anchor+paired-training-trough+small-reduction-floor
half/reduce_scatter/r2/i02,reduce_scatter,2,2048,5280000,5344678,0.012249621212121212,5201622,0.014844318181818182,5286667,0.001262689393939394,5286667,0.001262689393939394,True,geometric-symmetric-operation-anchor+small-reduction-floor
half/reduce_scatter/r2/i04,reduce_scatter,2,8192,5570000,5412266,0.028318491921005388,6088898,0.09315942549371634,6050000,0.08617594254937164,6050000,0.08617594254937164,True,geometric-symmetric-operation-anchor+small-reduction-floor
half/reduce_scatter/r2/i06,reduce_scatter,2,32768,6070000,5682618,0.06381911037891269,5581145,0.08053624382207578,5920000,0.02471169686985173,5920000,0.02471169686985173,True,geometric-symmetric-operation-anchor+paired-training-trough
half/reduce_scatter/r2/i08,reduce_scatter,2,131072,6170000,6764027,0.09627666126418152,6507616,0.05471896272285251,6446667,0.04484068071312804,6446522,0.044817179902755265,True,geometric-symmetric-operation-anchor
half/reduce_scatter/r2/i10,reduce_scatter,2,524288,8200000,8266667,0.008130121951219512,8031089,0.02059890243902439,8258334,0.00711390243902439,8258330,0.0071134146341463415,True,geometric-symmetric-operation-anchor
half/reduce_scatter/r2/i12,reduce_scatter,2,2097152,15100000,14606667,0.03267105960264901,17725157,0.17385145695364237,15633334,0.035320132450331124,15609293,0.03372801324503311,True,geometric-symmetric-operation-anchor
half/reduce_scatter/r2/i14,reduce_scatter,2,8388608,31360000,32566746,0.03848042091836735,37094219,0.1828513711734694,34061667,0.0861500956632653,34020785,0.08484646045918368,True,geometric-symmetric-operation-anchor
half/reduce_scatter/r2/i16,reduce_scatter,2,33554432,91690000,87047686,0.050630537681317485,92256072,0.006173759406696477,89160000,0.02759297633329698,89155949,0.02763715781437452,True,geometric-symmetric-operation-anchor
half/reduce_scatter/r2/i18,reduce_scatter,2,134217728,304820000,304971447,0.0004968407584804147,312620810,0.025591529427202938,296265000,0.02806574371760383,296146319,0.028455091529427202,True,geometric-symmetric-operation-anchor
half/reduce_scatter/r2/i20,reduce_scatter,2,536870912,1094320000,1176666489,0.0752490030338475,1105266355,0.010002883068937788,1093415000,0.0008269975875429491,1092236372,0.00190403903794137,True,geometric-symmetric-operation-anchor
half/reduce_scatter/r4/i00,reduce_scatter,4,512,7130000,7416960,0.0402468443197756,6925918,0.028623001402524544,7070000,0.008415147265077139,7070000,0.008415147265077139,True,geometric-symmetric-operation-anchor+paired-training-trough+small-reduction-floor
half/reduce_scatter/r4/i02,reduce_scatter,4,2048,7090000,7423303,0.04701029619181946,7277577,0.026456558533145276,7180000,0.012693935119887164,7180000,0.012693935119887164,True,geometric-symmetric-operation-anchor+small-reduction-floor
half/reduce_scatter/r4/i04,reduce_scatter,4,8192,7260000,7448677,0.025988567493112947,7356606,0.013306611570247933,7440000,0.024793388429752067,7440000,0.024793388429752067,True,geometric-symmetric-operation-anchor+small-reduction-floor
half/reduce_scatter/r4/i06,reduce_scatter,4,32768,8060000,7550170,0.06325434243176178,8832001,0.0957817617866005,8288334,0.028329280397022333,8275466,0.02673275434243176,True,geometric-symmetric-operation-anchor
half/reduce_scatter/r4/i08,reduce_scatter,4,131072,8040000,7956143,0.01042997512437811,8101011,0.007588432835820895,8628334,0.07317587064676617,8619888,0.07212537313432836,True,geometric-symmetric-operation-anchor
half/reduce_scatter/r4/i10,reduce_scatter,4,524288,9800000,9580035,0.022445408163265308,9420295,0.038745408163265306,10200000,0.04081632653061224,10178625,0.03863520408163265,True,geometric-symmetric-operation-anchor
half/reduce_scatter/r4/i12,reduce_scatter,4,2097152,18380000,16075604,0.1253751904243743,20323724,0.10575212187159956,18840000,0.025027203482045703,18839679,0.02500973884657236,True,geometric-symmetric-operation-anchor
half/reduce_scatter/r4/i14,reduce_scatter,4,8388608,39250000,41100000,0.04713375796178344,49855366,0.2702004076433121,42490000,0.08254777070063694,42467258,0.08196835668789809,True,geometric-symmetric-operation-anchor
half/reduce_scatter/r4/i16,reduce_scatter,4,33554432,102190000,90960000,0.10989333594285156,103150821,0.009402299637929348,103595000,0.013748899109501908,103584499,0.01364613954398669,True,geometric-symmetric-operation-anchor
half/reduce_scatter/r4/i18,reduce_scatter,4,134217728,348540000,349936667,0.00400719286165146,357013107,0.024310285763470475,347258334,0.0036772422103632293,347248005,0.00370687725942503,True,geometric-symmetric-operation-anchor
half/reduce_scatter/r4/i20,reduce_scatter,4,536870912,1292600000,1304036667,0.008847800557016866,1269849527,0.017600551601423486,1286253334,0.00491,1286130395,0.0050051098561039765,True,geometric-symmetric-operation-anchor
half/reduce_scatter/r8/i00,reduce_scatter,8,512,11910000,10840795,0.08977371956339211,12438614,0.0443840470193115,11918334,0.0006997481108312343,11918334,0.0006997481108312343,True,geometric-symmetric-operation-anchor+small-reduction-floor
half/reduce_scatter/r8/i02,reduce_scatter,8,2048,10410000,10903321,0.047389145052833814,10954628,0.052317771373679156,11323334,0.08773621517771374,11323334,0.08773621517771374,True,geometric-symmetric-operation-anchor+paired-training-trough+small-reduction-floor
half/reduce_scatter/r8/i04,reduce_scatter,8,8192,12580000,11153426,0.11340015898251192,11141741,0.11432901430842607,11770000,0.0643879173290938,11770000,0.0643879173290938,True,geometric-symmetric-operation-anchor+small-reduction-floor
half/reduce_scatter/r8/i06,reduce_scatter,8,32768,13330000,12153848,0.08823345836459115,14928358,0.11990682670667667,13740000,0.03075768942235559,13624214,0.022071567891972992,True,geometric-symmetric-operation-anchor
half/reduce_scatter/r8/i08,reduce_scatter,8,131072,13390000,16155536,0.20653741598207617,13417999,0.002091038088125467,14256667,0.06472494398805079,14232291,0.06290448095593727,True,geometric-symmetric-operation-anchor
half/reduce_scatter/r8/i10,reduce_scatter,8,524288,12190000,14278781,0.17135200984413454,11287786,0.07401263330598852,13400000,0.0992616899097621,13400000,0.0992616899097621,True,geometric-symmetric-operation-anchor+paired-training-trough
half/reduce_scatter/r8/i12,reduce_scatter,8,2097152,21260000,20873053,0.018200705550329255,26242376,0.23435446848541863,22781667,0.0715741768579492,22719761,0.06866232361241768,True,geometric-symmetric-operation-anchor
half/reduce_scatter/r8/i14,reduce_scatter,8,8388608,44430000,47250144,0.06347386900742741,43289841,0.02566191762322755,43671667,0.017068039612874186,43658352,0.0173677245104659,True,geometric-symmetric-operation-anchor
half/reduce_scatter/r8/i16,reduce_scatter,8,33554432,111150000,112937190,0.016079082321187585,123737969,0.11325208277103013,118028334,0.061883346828609985,117950646,0.061184399460188936,True,geometric-symmetric-operation-anchor
half/reduce_scatter/r8/i18,reduce_scatter,8,134217728,376840000,374669068,0.005760885256342214,381022135,0.011097906273219403,378678334,0.0048782878675299865,378651694,0.004807594735166118,True,geometric-symmetric-operation-anchor
half/reduce_scatter/r8/i20,reduce_scatter,8,536870912,1394160000,1421596581,0.019679650111895333,1366609405,0.019761429821541287,1396293334,0.0015301930911803523,1396287451,0.0015259733459574223,True,geometric-symmetric-operation-anchor
