mode,profile,size_bytes,depth,gap_ps,burst_messages,senders,qps,loss_ppm,offered_pps,offered_bps,messages,completions,errors,packets_issued,packets_retransmitted,recovery_episodes,timeouts,payload_bytes,wire_bytes,first_packet_ps,last_completion_ps,warm_start_ps,warm_payload_bytes,gap_time_ps,injected_losses,rx_packets_offered,rx_packets_delivered,rx_payload_bytes,rx_bytes_phy,rx_discards_phy,rx_discards_meter,rx_discards_rate,rx_discards_sequence,rx_high_watermark,out_of_sequence,packet_seq_err,roce_adp_retrans,local_ack_timeout_err,np_ecn_marked,tx_pause_ctrl_phy,late_releases,sender0_payload_bytes,sender1_payload_bytes,sender2_payload_bytes,congestion_control,receivers,egress_buffer_bytes,run_end_ps,np_cnp_sent,np_cnps_suppressed,np_congestion_observed,rp_cnp_handled,rp_cnp_ignored,rp_rate_cuts,rp_rate_increases,rp_min_rate_bps,rp_rate_persistence_breaks,egress_offered,egress_admitted,egress_dropped,egress_offered_bytes,egress_admitted_bytes,egress_dropped_bytes,egress_high_watermark,rx_payload_bytes_receiver1,rx_discards_phy_receiver1,replay_identical,steady_goodput_bps,steady_wire_bps,steady_offered_bps,steady_tax,steady_cnp_per_s,kind,np_threshold_bytes,cnp_min_interval_ps,cnp_per_qp_per_s,pre_bps,cut30_ms,fair_ms,recovery_ms,slope_bps_per_ms,overlap_share,overlap_offered_bps,overlap_wire_bps,overlap_goodput_bps,alpha_init_ppm,rate_step_bps,offered_target_bps,max_share,min_share,packets_lost,burst_ratio,loss_rate,amplification,receiver_split,delivered_fraction,identity_differences,identity_difference_names,rx_drain_bps,alpha_gain_ppm,alpha_update_ps
cc,cx5_100g,1048576,1024,0,128,2,4,0,0,0,100000000,2434,0,721281,96943,8642,8,2954366976,3000528960,2340000,249893194323,0,0,0,0,713884,624330,2557255680,2969757440,1326,1326,0,79430,262016,9043,8634,96943,0,0,20,0,1314914304,1237319680,0,1,1,5200000,250000000000,431,76171,76602,431,0,431,1992,10320305534,0,721281,713892,7389,3000528960,2969790720,30738240,5200000,0,0,1,95102435328.0,96588410880.0,96587878400.0,0.01538461538461533,2104.0,np_grid,65504,2000000000,263.0,,,,,,,,,,,,,,,,,,,,,,,,,
cc,cx5_100g,1048576,1024,0,128,2,4,0,0,0,100000000,2287,0,747966,161337,29234,8,3063668736,3111538560,2340000,249764582433,0,0,0,0,729782,586618,2402787328,3035893120,4341,4341,0,108214,262014,30091,29226,161337,0,0,67,0,1220542464,1177550848,0,1,1,5200000,250000000000,525,263794,264319,525,0,525,1992,11746319393,0,747966,729793,18173,3111538560,3035938880,75599680,5200000,0,0,1,95111348224.0,96597463040.0,96597729280.0,0.01538461538461533,2112.0,np_grid,65504,3530000000,264.0,,,,,,,,,,,,,,,,,,,,,,,,,
cc,cx5_100g,1048576,1024,0,128,2,4,0,0,0,100000000,72,0,1012557,943192,251329,24,4147433472,4212237120,2340000,212920986000,0,0,0,0,751187,69155,283258880,3124937920,25479,25479,0,377092,262014,257897,251305,943192,0,0,398,0,46137344,29360128,0,1,1,5200000,250000000000,336,750417,750753,336,0,336,1992,15728085916,0,1012557,752444,260113,4212237120,3130167040,1082070080,5200000,0,0,1,9597616128.0,100000010240.0,137434152960.0,0.9040238485479579,1344.0,np_grid,65504,6000000000,168.0,,,,,,,,,,,,,,,,,,,,,,,,,
cc,cx5_100g,1048576,1024,0,128,2,4,0,0,0,100000000,2440,0,723921,97941,8197,8,2965180416,3011511360,2340000,249954744517,0,0,0,0,715904,625971,2563977216,2978160640,1429,1429,0,80357,262016,8584,8189,97941,0,0,22,0,1244659712,1313865728,0,1,1,5200000,250000000000,441,92695,93136,441,0,441,1992,10428960541,0,723921,715913,8008,3011511360,2978198080,33313280,5200000,0,0,1,95114756096.0,96600924160.0,96601190400.0,0.01538461538461533,2136.0,np_grid,131008,2000000000,267.0,,,,,,,,,,,,,,,,,,,,,,,,,
cc,cx5_100g,1048576,1024,0,128,2,4,0,0,0,100000000,2264,0,749606,169151,32291,8,3070386176,3118360960,2340000,249985602196,0,0,0,0,730342,580445,2377502720,3038222720,4809,4809,0,111603,262015,33235,32283,169151,0,0,75,0,1170210816,1203765248,0,1,1,5200000,250000000000,528,413270,413798,528,0,528,1992,11794510933,0,749606,730352,19254,3118360960,3038264320,80096640,5200000,0,0,1,95082250240.0,96611307520.0,96611840000.0,0.01582689769190282,2176.0,np_grid,131008,3530000000,272.0,,,,,,,,,,,,,,,,,,,,,,,,,
cc,cx5_100g,1048576,1024,0,128,2,4,0,0,0,100000000,59,0,1018322,949133,259583,24,4171046912,4236219520,2340000,208909082000,0,0,0,0,751187,69002,282632192,3124937920,25479,25479,0,367063,262014,265800,259559,949133,0,0,398,0,27262976,34603008,0,1,1,5200000,250000000000,336,749954,750290,336,0,336,1992,15816740847,0,1018322,752444,265878,4236219520,3130167040,1106052480,5200000,0,0,1,9703784448.0,100000010240.0,138144747520.0,0.9029621654566743,1344.0,np_grid,131008,6000000000,168.0,,,,,,,,,,,,,,,,,,,,,,,,,
cc,cx5_100g,1048576,1024,0,128,2,4,0,0,0,100000000,2435,0,726543,102094,9784,8,2975920128,3022418880,2340000,249939394914,0,0,0,0,717871,624440,2557706240,2986343360,1523,1523,0,82015,262016,10344,9776,102094,0,0,23,0,1164967936,1388314624,0,1,1,5200000,250000000000,451,101363,101814,451,0,451,1992,10537114288,0,726543,717880,8663,3022418880,2986380800,36038080,5200000,0,0,1,95113183232.0,96599326720.0,96599326720.0,0.01538461538461533,2128.0,np_grid,196512,2000000000,266.0,,,,,,,,,,,,,,,,,,,,,,,,,
cc,cx5_100g,1048576,1024,0,128,2,4,0,0,0,100000000,2237,0,751411,177502,34375,9,3077779456,3125869760,2340000,249798309260,0,0,0,0,730906,573898,2350686208,3040568960,5243,5243,0,115568,262016,35249,34366,177502,0,0,81,0,1124073472,1221591040,0,1,1,5200000,250000000000,534,426563,427097,534,0,534,1992,11831334768,0,751411,730917,20494,3125869760,3040614720,85255040,5200000,0,0,1,95100076032.0,96606781440.0,96607047680.0,0.01559626959454985,2160.0,np_grid,196512,3530000000,270.0,,,,,,,,,,,,,,,,,,,,,,,,,
cc,cx5_100g,1048576,1024,0,128,2,4,0,0,0,100000000,28,0,1023043,959969,258445,24,4190384128,4255858880,2340000,213294760400,0,0,0,0,751187,62989,258002944,3124937920,25479,25479,0,377220,262014,264692,258421,959969,0,0,398,0,9437184,19922944,0,1,1,5200000,250000000000,336,749491,749827,336,0,336,1992,15904885731,0,1023043,752445,270598,4255858880,3130171200,1125687680,5200000,0,0,1,8957198336.0,100000010240.0,138709975040.0,0.9104280258121702,1344.0,np_grid,196512,6000000000,168.0,,,,,,,,,,,,,,,,,,,,,,,,,
dynamics,cx5_100g,1048576,32,0,128,2,4,0,0,0,100000000,12008,0,7287751,4213335,1430430,160,29850628096,30317044160,2340000,2399982549406,0,0,0,0,6452679,3074408,12592775168,26843144640,125159,125159,0,1697748,262016,1478198,1430270,4213335,0,0,1955,0,11449401344,1141899264,0,1,1,5200000,2400000000000,3070,3981491,3984561,3070,0,3070,19192,11797459622,0,7287751,6452687,835064,30317044160,26843177920,3473866240,5200000,0,0,1,,,,,,rp_grid,,,,96524646400.0,310.0,5.0,446.0,92744365.93304068,0.48283882188985416,91188198400.0,88831213714.28572,17653432320.0,250000,22500000,,,,,,,,,,,,,,
dynamics,cx5_100g,1048576,32,0,128,2,4,0,0,0,100000000,11563,0,7593104,4632348,1584013,164,31101353984,31587312640,2340000,2399928160476,0,0,0,0,6700308,2960747,12127219712,27873281280,137337,137337,0,1869305,262016,1641779,1583849,4632348,0,0,2145,0,11157897216,966787072,0,1,1,5200000,2400000000000,3324,4244832,4248156,3324,0,3324,19192,11904919410,0,7593104,6700317,892787,31587312640,27873318720,3713993920,5200000,0,0,1,,,,,,rp_grid,,,,96642790400.0,330.0,5.0,434.0,147303458.1309946,0.4901308004082659,102849272685.7143,98778082742.85715,14465714468.57143,250000,25000000,,,,,,,,,,,,,,
dynamics,cx5_100g,1048576,32,0,128,2,4,0,0,0,100000000,10673,0,7920750,5188011,1577769,176,32443392000,32950320000,2340000,2399999345953,0,0,0,0,6561468,2732731,11193266176,27295706880,139875,139875,0,1852952,262016,1638588,1577593,5188011,0,0,2185,0,10514071552,677380096,0,1,1,5200000,2400000000000,3406,4329573,4332979,3406,0,3406,19192,13006912553,0,7920750,6561476,1359274,32950320000,27295740160,5654579840,5200000,0,0,1,,,,,,rp_grid,,,,96641392640.0,338.0,5.0,430.0,112634359.99448435,0.4922459684131498,111958864457.14285,94669571657.14287,7618653622.857143,250000,27500000,,,,,,,,,,,,,,
dynamics,cx5_100g,1048576,32,0,128,2,4,0,0,0,100000000,12068,0,7276046,4186107,1405644,160,29802684416,30268351360,2340000,2399995723095,0,0,0,0,6457126,3089930,12656353280,26861644160,126668,126668,0,1703648,262016,1453188,1405484,4186107,0,0,1979,0,11436818432,1217396736,0,1,1,5200000,2400000000000,3066,3966372,3969438,3066,0,3066,19192,11746567621,0,7276046,6457135,818911,30268351360,26861681600,3406669760,5200000,0,0,1,,,,,,rp_grid,,,,94600396800.0,306.0,5.0,437.0,110257143.53667764,0.48609880913494535,93878838857.14285,92159356342.85715,21336227840.0,350000,22500000,,,,,,,,,,,,,,
dynamics,cx5_100g,1048576,32,0,128,2,4,0,0,0,100000000,10141,0,7545416,4948790,1691344,176,30906023936,31388930560,2340000,2399944047829,0,0,0,0,6593382,2596617,10635743232,27428469120,146125,146125,0,1994878,262016,1752749,1691168,4948790,0,0,2283,0,9817817088,815792128,0,1,1,5200000,2400000000000,3384,4440792,4444176,3384,0,3384,19192,11898996999,0,7545416,6593391,952025,31388930560,27428506560,3960424000,5200000,0,0,1,,,,,,rp_grid,,,,95364439040.0,325.0,5.0,528.0,95233517.49603608,0.4837629574621587,101153846857.14287,95212463542.85715,10546287177.142859,350000,25000000,,,,,,,,,,,,,,
dynamics,cx5_100g,1048576,32,0,128,2,4,0,0,0,100000000,8716,0,7909643,5677792,1855996,195,32397897728,32904114880,2340000,2399985162230,0,0,0,0,6621965,2231843,9141628928,27547374400,159676,159676,0,2163390,262016,1918102,1855801,5677792,0,0,2494,0,8252293120,887095296,0,1,1,5200000,2400000000000,3675,4910445,4914120,3675,0,3675,19192,12311934906,0,7909643,6621973,1287670,32904114880,27547407680,5356707200,5200000,0,0,1,,,,,,rp_grid,,,,95904307200.0,344.0,5.0,610.0,74514801.03134382,0.4930472017138056,112162823314.28572,99282892800.0,6671517988.571429,350000,27500000,,,,,,,,,,,,,,
dynamics,cx5_100g,1048576,32,0,128,2,4,0,0,0,100000000,11624,0,7298438,4321896,1488293,161,29894402048,30361502080,2340000,2399749238278,0,0,0,0,6489572,2976534,12191883264,26996619520,131239,131239,0,1771854,262016,1533886,1488132,4321896,0,0,2050,0,10664017920,1524629504,0,1,1,5200000,2400000000000,3126,4208306,4211432,3126,0,3126,19192,11851694884,0,7298438,6489580,808858,30361502080,26996652800,3364849280,5200000,0,0,1,,,,,,rp_grid,,,,87994050560.0,393.0,4.0,445.0,98793112.55669633,0.4902293206624936,99777100800.0,96507293257.14287,21599401691.428574,500000,22500000,,,,,,,,,,,,,,
dynamics,cx5_100g,1048576,32,0,128,2,4,0,0,0,100000000,10119,0,7554138,4963082,1682841,178,30941749248,31425214080,2340000,2399894578830,0,0,0,0,6549058,2591047,10612928512,27244081280,144609,144609,0,1968549,262016,1740580,1682663,4963082,0,0,2259,0,9691987968,918552576,0,1,1,5200000,2400000000000,3333,4355942,4359275,3333,0,3333,19192,11967262592,0,7554138,6549067,1005071,31425214080,27244118720,4181095360,5200000,0,0,1,,,,,,rp_grid,,,,89459102720.0,365.0,4.0,474.0,94596605.47466956,0.48807605001031806,104595521828.57144,97899490742.85715,14301406354.285715,500000,25000000,,,,,,,,,,,,,,
dynamics,cx5_100g,1048576,32,0,128,2,4,0,0,0,100000000,8872,0,7885265,5613254,1847457,192,32298045440,32802702400,2340000,2399848814673,0,0,0,0,6647008,2272003,9306124288,27651553280,158747,158747,0,2149247,262016,1918091,1847265,5613254,0,0,2480,0,8653897728,649068544,0,1,1,5200000,2400000000000,3579,4760849,4764428,3579,0,3579,19192,12256436906,0,7885265,6647016,1238249,32802702400,27651586560,5151115840,5200000,0,0,1,,,,,,rp_grid,,,,90923955200.0,293.0,5.0,526.0,72148762.78342475,0.5145008320677454,114419254857.14287,100000029257.14287,5203090285.714286,500000,27500000,,,,,,,,,,,,,,
lone,cx5_100g,65536,1024,0,128,1,1,0,0,80000000000,100000000,30516,0,488277,0,0,0,1999982592,2031232320,2340000,199994361598,0,0,0,0,488272,488272,1999962112,2031211520,0,0,0,0,5437,0,0,0,0,0,0,0,1999896576,0,0,1,1,5200000,200000000000,0,0,0,0,0,0,199,98617187500,0,488277,488277,0,2031232320,2031232320,0,4160,0,0,1,80000778240.0,81250790400.0,81249792000.0,0.01538461538461533,0.0,lone,,,,,,,,,,,,,,,80000000000.0,,,,,,,,,,,,,
lone,cx5_100g,65536,1024,0,128,1,4,0,0,20000000000,100000000,30516,0,488280,0,0,0,1999994880,2031244800,2340000,199990885191,0,0,0,0,488272,488272,1999962112,2031211520,0,0,0,0,9690,0,0,0,0,0,0,0,1999896576,0,0,1,1,5200000,200000000000,0,0,0,0,0,0,796,24654296875,0,488280,488280,0,2031244800,2031244800,0,4160,0,0,1,79998484480.0,81248460800.0,81248460800.0,0.01538461538461533,0.0,lone,,,,,,,,,,,,,,,80000000000.0,,,,,,,,,,,,,
lone,cx5_100g,65536,1024,0,128,1,1,0,0,90000000000,100000000,34331,0,549312,0,0,0,2249981952,2285137920,2340000,199997994857,0,0,0,0,549303,549303,2249945088,2285100480,0,0,0,0,5437,0,0,0,0,0,0,0,2249916416,0,0,1,1,5200000,200000000000,0,0,0,0,0,0,199,98617187500,0,549312,549312,0,2285137920,2285137920,0,4160,0,0,1,89999933440.0,91406182400.0,91406515200.0,0.01538461538461533,0.0,lone,,,,,,,,,,,,,,,90000000000.0,,,,,,,,,,,,,
lone,cx5_100g,65536,1024,0,128,1,4,0,0,22500000000,100000000,34328,0,549312,0,0,0,2249981952,2285137920,2340000,199979226719,0,0,0,0,549307,549307,2249961472,2285117120,0,0,0,0,9690,0,0,0,0,0,0,0,2249719808,0,0,1,1,5200000,200000000000,0,0,0,0,0,0,796,24654296875,0,549312,549312,0,2285137920,2285137920,0,4160,0,0,1,90000916480.0,91407180800.0,91405516800.0,0.01538461538461533,0.0,lone,,,,,,,,,,,,,,,90000000000.0,,,,,,,,,,,,,
cc,cx5_100g,65536,1024,0,128,2,4,0,0,0,100000000,25778,0,1135516,690240,274928,40,4651073536,4723746560,2340000,399991849381,0,0,0,0,1124353,445269,1823821824,4677308480,29607,29607,0,377155,262016,277480,274888,690240,0,0,462,0,887029760,802357248,0,1,1,5200000,400000000000,688,904968,905656,688,0,688,3192,10766281332,0,1135516,1124360,11156,4723746560,4677337600,46408960,5200000,0,0,1,40724070400.0,94781273600.0,94629350400.0,0.5703363243264121,1840.0,incast,,,230.0,,,,,,,,,,,,,0.5250601287919932,0.47493987120800685,40763,0.14828948517214283,0.03589821719817246,15.887594672959061,,,,,,,
cc,cx5_100g,65536,1024,0,128,3,4,0,0,0,100000000,4352,0,1421047,1288879,437704,60,5820608512,5911555520,2340000,344255437200,0,0,0,0,1201908,132019,540749824,4999937280,40803,40803,0,547367,262014,447071,437644,1288879,0,0,637,0,91029504,108134400,86048768,1,1,5200000,400000000000,1367,1199644,1201011,1367,0,1367,4788,8665625400,0,1421047,1203165,217882,5911555520,5005166400,906389120,5200000,0,0,1,11971788800.0,99999910400.0,120719206400.0,0.8802820047326763,3415.0,incast,,,284.5833333333333,,,,,,,,,,,,,0.3791360294117647,0.3017003676470588,258685,0.5910854484466826,0.18203831400368883,4.835696317835805,,,,,,,
cc,cx5_100g,1048576,1024,0,128,2,4,0,0,0,100000000,4212,0,1172792,93580,23942,10,4803756032,4878814720,2340000,399991936732,0,0,0,0,1164978,1079201,4420407296,4846308480,10522,10522,0,60009,262016,24607,23932,93580,0,0,164,0,2238709760,2177892352,0,1,1,5200000,400000000000,808,1030688,1031496,808,0,808,3192,10766281332,0,1172792,1164989,7803,4878814720,4846354240,32460480,5200000,0,0,1,94056939520.0,97135500800.0,97135833600.0,0.031693472053422544,2280.0,incast,,,285.0,,,,,,,,,,,,,0.5068850902184235,0.49311490978157646,18325,0.7657111816814307,0.01562510658326455,2.0283683752511616,,,,,,,
cc,cx5_100g,1048576,1024,0,128,3,4,0,0,0,100000000,267,0,1421047,1288879,437704,60,5820608512,5911555520,2340000,344253597200,0,0,0,0,1201908,132019,540749824,4999937280,40803,40803,0,547367,262014,447071,437644,1288879,0,0,637,0,89128960,105906176,84934656,1,1,5200000,400000000000,1367,1199644,1201011,1367,0,1367,4788,8665625400,0,1421047,1203165,217882,5911555520,5005166400,906389120,5200000,0,0,1,11971788800.0,99999910400.0,120719206400.0,0.8802820047326763,3415.0,incast,,,284.5833333333333,,,,,,,,,,,,,0.3782771535580524,0.30337078651685395,258685,0.5910854484466826,0.18203831400368883,4.835696317835805,,,,,,,
cc,cx5_100g,65536,1024,0,128,2,4,0,0,0,100000000,33684,0,1166031,615698,223229,33,4776062976,4850688960,2340000,374579829397,0,0,0,0,1144110,550206,2253643776,4759497600,28226,28226,0,347037,262016,226497,223196,615698,0,0,441,0,1153171456,1054343168,0,1,1,2600000,400000000000,663,860669,861332,663,0,663,3192,10766281332,0,1166031,1144743,21288,4850688960,4762130880,88558080,2600000,0,0,1,53317632000.0,97650176000.0,99358604800.0,0.4539934879380043,1680.0,incast,,,210.0,,,,,,,,,,,,,0.5223845149032181,0.47761548509678187,49514,0.22184089320597145,0.04246370808323278,10.691329335820962,,,,,,,
cc,cx5_100g,65536,1024,0,128,3,4,0,0,0,100000000,7480,0,1413089,1198808,379288,60,5788012544,5878450240,2340000,340787858000,0,0,0,0,1201908,213411,874131456,4999937280,40803,40803,0,554772,262014,385819,379228,1198808,0,0,637,0,166199296,164626432,159383552,1,1,2600000,400000000000,1362,1199649,1201011,1362,0,1362,4788,8669485710,0,1413089,1202541,210548,5878450240,5002570560,875879680,2600000,0,0,1,18516213760.0,99999910400.0,119918822400.0,0.814837696494576,3390.0,incast,,,282.5,,,,,,,,,,,,,0.3390374331550802,0.3251336898395722,251351,0.6627965234634573,0.17787343896951996,4.580997034831069,,,,,,,
cc,cx5_100g,1048576,1024,0,128,2,4,0,0,0,100000000,4334,0,1171915,61392,19374,9,4800163840,4875166400,2340000,399995390031,0,0,0,0,1163521,1110514,4548665344,4840247360,8361,8361,0,32239,262016,19793,19365,61392,0,0,130,0,2250244096,2294284288,0,1,1,2600000,400000000000,815,1026427,1027242,815,0,815,3192,10766281332,0,1171915,1163530,8385,4875166400,4840284800,34881600,2600000,0,0,1,94426726400.0,96938483200.0,96938150400.0,0.025910832489691726,2280.0,incast,,,285.0,,,,,,,,,,,,,0.5048454083987078,0.4951545916012921,16746,0.8647560030983733,0.014289432254045728,1.8132863523920386,,,,,,,
cc,cx5_100g,1048576,1024,0,128,3,4,0,0,0,100000000,471,0,1417738,1178568,370644,60,5807054848,5897790080,2340000,343332326800,0,0,0,0,1201908,216756,887832576,4999937280,40803,40803,0,556541,262014,377451,370584,1178568,0,0,637,0,140509184,164626432,188743680,1,1,2600000,400000000000,1368,1199643,1201011,1368,0,1368,4788,8669485710,0,1417738,1202541,215197,5897790080,5002570560,895219520,2600000,0,0,1,19247923200.0,99999910400.0,120528012800.0,0.8075205955384536,3420.0,incast,,,285.0,,,,,,,,,,,,,0.3821656050955414,0.28450106157112526,256000,0.6908015456684584,0.1805693294529737,4.472080601865219,,,,,,,
fanout,cx5_100g,65536,1024,0,128,1,2,0,0,0,100000000,37038,0,592646,0,0,0,2427478016,2465407360,2340000,199991218492,0,0,0,0,592637,592637,2427441152,2465369920,0,0,0,0,4160,0,0,0,0,0,0,0,2427322368,0,0,1,2,5200000,200000000000,0,0,0,0,0,0,398,49308593750,0,592646,592646,0,2465407360,2465407360,0,4160,1213718528,0,1,97100103680.0,98617292800.0,98617292800.0,0.01538461538461533,0.0,fanout,,,,,,,,,,,,,,,,,,,,,,0.5000008436867762,0.986172928,,,,,
fanout,cx5_100g,65536,1024,0,128,1,4,0,0,0,100000000,37036,0,592648,0,0,0,2427486208,2465415680,2340000,199980410230,0,0,0,0,592637,592637,2427441152,2465369920,0,0,0,0,4160,0,0,0,0,0,0,0,2427191296,0,0,1,2,5200000,200000000000,0,0,0,0,0,0,796,24654296875,0,592648,592648,0,2465415680,2465415680,0,4160,1213718528,0,1,97100103680.0,98617292800.0,98617958400.0,0.01538461538461533,0.0,fanout,,,,,,,,,,,,,,,,,,,,,,0.5000008436867762,0.986172928,,,,,
fanout,cx5_100g,1048576,1024,0,128,1,2,0,0,0,100000000,2314,0,592646,0,0,0,2427478016,2465407360,2340000,199915625990,0,0,0,0,592637,592637,2427441152,2465369920,0,0,0,0,4160,0,0,0,0,0,0,0,2426404864,0,0,1,2,5200000,200000000000,0,0,0,0,0,0,398,49308593750,0,592646,592646,0,2465407360,2465407360,0,4160,1213718528,0,1,97100103680.0,98617292800.0,98617292800.0,0.01538461538461533,0.0,fanout,,,,,,,,,,,,,,,,,,,,,,0.5000008436867762,0.986172928,,,,,
fanout,cx5_100g,1048576,1024,0,128,1,4,0,0,0,100000000,2312,0,592648,0,0,0,2427486208,2465415680,2340000,199742833794,0,0,0,0,592637,592637,2427441152,2465369920,0,0,0,0,4160,0,0,0,0,0,0,0,2424307712,0,0,1,2,5200000,200000000000,0,0,0,0,0,0,796,24654296875,0,592648,592648,0,2465415680,2465415680,0,4160,1213718528,0,1,97100103680.0,98617292800.0,98617958400.0,0.01538461538461533,0.0,fanout,,,,,,,,,,,,,,,,,,,,,,0.5000008436867762,0.986172928,,,,,
cc,cx5_100g,65536,1024,0,128,1,1,0,0,0,8,8,0,128,0,0,0,524288,532480,2340000,52913929,31316071,262144,0,0,128,128,524288,532480,0,0,0,0,14967,0,0,0,0,0,0,0,524288,0,0,0,1,0,52913929,0,0,0,0,0,0,0,0,0,0,0,0,0,0,0,0,0,0,1,,,,,,identity,,,,,,,,,,,,,,,,,,,,,,,,0,,,,
cc,cx5_100g,65536,1024,0,128,2,1,0,0,0,8,16,0,256,0,0,0,1048576,1064960,2340000,94919680,52321280,524288,0,0,256,256,1048576,1064960,0,0,0,0,40228,0,0,0,0,0,0,0,524288,524288,0,0,1,0,94919680,0,0,0,0,0,0,0,0,0,0,0,0,0,0,0,0,0,0,1,,,,,,identity,,,,,,,,,,,,,,,,,,,,,,,,0,,,,
cc,cx5_100g,65536,1024,0,128,3,1,0,0,0,8,24,0,384,0,0,0,1572864,1597440,2340000,137518080,73620480,786432,0,0,384,384,1572864,1597440,0,0,0,0,58332,0,0,0,0,0,0,0,524288,524288,524288,0,1,0,137518080,0,0,0,0,0,0,0,0,0,0,0,0,0,0,0,0,0,0,1,,,,,,identity,,,,,,,,,,,,,,,,,,,,,,,,0,,,,
cc,cx5_100g,1048576,1024,0,128,1,1,0,0,0,8,8,0,2048,0,0,0,8388608,8519680,2340000,700849665,355283939,4194304,0,0,2048,2048,8388608,8519680,0,0,0,0,178343,0,0,0,0,0,0,0,8388608,0,0,0,1,0,700849665,0,0,0,0,0,0,0,0,0,0,0,0,0,0,0,0,0,0,1,,,,,,identity,,,,,,,,,,,,,,,,,,,,,,,,0,,,,
cc,cx5_100g,1048576,1024,0,128,2,1,0,0,0,8,16,0,192415,188319,66801,2,788131840,800446400,2340000,75156735529,73130751271,8388608,0,0,192415,4096,16777216,800446400,6479,6479,0,69247,262014,67068,66799,188319,0,0,101,0,8388608,8388608,0,0,1,0,75156735529,0,0,0,0,0,0,0,0,0,0,0,0,0,0,0,0,0,0,1,,,,,,identity,,,,,,,,,,,,,,,,,,,,,,,,0,,,,
cc,cx5_100g,1048576,1024,0,128,3,1,0,0,0,8,24,0,506854,500710,192706,9,2076073984,2108512640,2340000,212247452715,148877818880,12582912,0,0,506854,6144,25165824,2108512640,17169,17169,0,198552,262014,194409,192697,500710,0,0,268,0,8388608,8388608,8388608,0,1,0,212247452715,0,0,0,0,0,0,0,0,0,0,0,0,0,0,0,0,0,0,1,,,,,,identity,,,,,,,,,,,,,,,,,,,,,,,,0,,,,
cc,cx5_100g,1048576,1024,0,128,2,4,0,0,0,6,48,0,170905,158617,59002,8,700026880,710964800,2340000,105343294060,69230299805,25165824,0,0,139595,12288,50331648,580715200,4516,4516,0,65312,262014,60029,58994,158617,0,0,70,0,25165824,25165824,0,0,1,5200000,105343294060,0,0,0,0,0,0,0,0,0,170905,139595,31310,710964800,580715200,130249600,5200000,0,0,1,3822295359.120461,,53992220869.42209,0.9292065542485366,,collapse,,,,,,,,,,,,,,,,,,,,,,,,,,,,
cc,cx5_100g,1048576,1024,0,128,2,4,0,0,0,12,96,0,59320,34744,10808,7,242974720,246771200,2340000,77617159970,68918621993,50331648,0,0,52714,24576,100663296,219290240,1123,1123,0,16001,262014,11448,10801,34744,0,0,17,0,50331648,50331648,0,1,1,5200000,77617159970,30,34079,34109,30,0,30,616,11679291179,0,59320,52714,6606,246771200,219290240,27480960,5200000,0,0,1,,,,,,replay,,,,,,,,,,,,,,,,,,,,,,,,,,,,
cc,cx5_100g,1048576,1024,0,128,2,4,0,0,0,100000000,275,0,1350651,1241733,433409,40,5532266496,5618708160,2340000,341502925200,0,0,0,0,1201908,108377,443912192,4999937280,40803,40803,0,579071,262014,445330,433369,1241733,0,0,637,0,143654912,144703488,0,1,1,5200000,400000000000,912,1200099,1201011,912,0,912,3192,12961051606,0,1350651,1203164,147487,5618708160,5005162240,613545920,5200000,0,0,1,9634611200.0,99999910400.0,106950438400.0,0.9036538016738063,2280.0,drain_sensitivity,,,285.0,,,,,,,,,,250000,,,0.5018181818181818,,,,,,,,,,96600000000,,
cc,cx5_100g,1048576,1024,0,128,2,4,0,0,0,100000000,3946,0,1186097,174732,33403,9,4858253312,4934163520,2340000,399938964300,0,0,0,0,1166561,1011355,4142510080,4852893760,5521,5521,0,114898,262016,34283,33394,174732,0,0,86,0,2051014656,2086666240,0,1,1,5200000,400000000000,896,1058511,1059407,896,0,896,3192,11833518662,0,1186097,1166571,19526,4934163520,4852935360,81228160,5200000,0,0,1,95031623680.0,96635801600.0,96635801600.0,0.016600244354986526,2280.0,drain_sensitivity,,,285.0,,,,,,,,,,350000,,,0.5043081601621896,,,,,,,,,,96600000000,,
cc,cx5_100g,1048576,1024,0,128,2,4,0,0,0,100000000,4212,0,1172792,93580,23942,10,4803756032,4878814720,2340000,399991936732,0,0,0,0,1164978,1079201,4420407296,4846308480,10522,10522,0,60009,262016,24607,23932,93580,0,0,164,0,2238709760,2177892352,0,1,1,5200000,400000000000,808,1030688,1031496,808,0,808,3192,10766281332,0,1172792,1164989,7803,4878814720,4846354240,32460480,5200000,0,0,1,94056939520.0,97135500800.0,97135833600.0,0.031693472053422544,2280.0,drain_sensitivity,,,285.0,,,,,,,,,,500000,,,0.5068850902184235,,,,,,,,,,96600000000,,
cc,cx5_100g,1048576,1024,0,128,2,4,0,0,0,100000000,405,0,1369167,1220836,422549,40,5608108032,5695734720,2340000,353062400400,0,0,0,0,1201908,147730,605102080,4999937280,16765,16765,0,568275,262014,434557,422509,1220836,0,0,261,0,226492416,198180864,0,1,1,5200000,400000000000,909,1198820,1199729,909,0,909,3192,13063390698,0,1369167,1203164,166003,5695734720,5005162240,690572480,5200000,0,0,1,11817779200.0,99999910400.0,108113574400.0,0.8818221021126035,2265.0,drain_sensitivity,,,283.125,,,,,,,,,,250000,,,0.5333333333333333,,,,,,,,,,98600000000,,
cc,cx5_100g,1048576,1024,0,128,2,4,0,0,0,100000000,4042,0,1212212,176391,49235,9,4965220352,5042801920,2340000,399900446070,0,0,0,0,1189247,1035812,4242685952,4947267520,4267,4267,0,97302,262016,50553,49226,176391,0,0,66,0,2129657856,2108686336,0,1,1,5200000,400000000000,880,968677,969557,880,0,880,3192,12036613735,0,1212212,1189256,22956,5042801920,4947304960,95496960,5200000,0,0,1,97060126720.0,98608140800.0,98607808000.0,0.015698643818259694,2200.0,drain_sensitivity,,,275.0,,,,,,,,,,350000,,,0.5024740227610094,,,,,,,,,,98600000000,,
cc,cx5_100g,1048576,1024,0,128,2,4,0,0,0,100000000,4343,0,1194571,81603,18440,6,4892962816,4969415360,2340000,399857711665,0,0,0,0,1184737,1112959,4558680064,4928505920,4782,4782,0,52412,262016,19126,18434,81603,0,0,74,0,2318401536,2235564032,0,1,1,5200000,400000000000,808,859662,860470,808,0,808,3192,11081652253,0,1194571,1184746,9825,4969415360,4928543360,40872000,5199999,0,0,1,97005568000.0,98631104000.0,98631270400.0,0.016480967302160532,2240.0,drain_sensitivity,,,280.0,,,,,,,,,,500000,,,0.5090950955560672,,,,,,,,,,98600000000,,
cc,cx5_100g,1048576,1024,0,128,2,4,0,0,0,100000000,455,0,1410117,1241111,410754,40,5775839232,5866086720,2340000,346850090000,0,0,0,0,1201908,168304,689373184,4999937280,7150,7150,0,561678,262014,421661,410714,1241111,0,0,111,0,245366784,231735296,0,1,1,5200000,400000000000,904,1195921,1196825,904,0,904,3192,13325722498,0,1410117,1203164,206953,5866086720,5005162240,860924480,5200000,0,0,1,15004958720.0,99999910400.0,110680627200.0,0.8499502783554493,2240.0,drain_sensitivity,,,280.0,,,,,,,,,,250000,,,0.5142857142857142,,,,,,,,,,99400000000,,
cc,cx5_100g,1048576,1024,0,128,2,4,0,0,0,100000000,2285,0,1239294,653073,217478,26,5076148224,5155463040,2340000,399811620727,0,0,0,0,1200208,586212,2401124352,4992865280,5486,5486,0,385056,262016,221325,217452,653073,0,0,85,0,1248854016,1147142144,0,1,1,5200000,400000000000,896,1109871,1110767,896,0,896,3192,12256716421,0,1239294,1200217,39077,5155463040,4992902720,162560320,5200000,0,0,1,75395891200.0,99717030400.0,99520179200.0,0.24390155926665058,2200.0,drain_sensitivity,,,275.0,,,,,,,,,,350000,,,0.5212253829321662,,,,,,,,,,99400000000,,
cc,cx5_100g,1048576,1024,0,128,2,4,0,0,0,100000000,3435,0,1209328,328953,83456,17,4953407488,5030804480,2340000,399960534900,0,0,0,0,1193989,880366,3605979136,4966994240,3798,3798,0,224221,262014,84550,83439,328953,0,0,59,0,1811939328,1789919232,0,1,1,5200000,400000000000,808,883204,884012,808,0,808,3192,11175632255,0,1209328,1193998,15330,5030804480,4967031680,63772800,5200000,0,0,1,88569774080.0,99563276800.0,99383232000.0,0.11041724492538996,2240.0,drain_sensitivity,,,280.0,,,,,,,,,,500000,,,0.503056768558952,,,,,,,,,,99400000000,,
dynamics,cx5_100g,1048576,32,0,128,2,4,0,0,0,100000000,3383,0,3269917,2403107,637276,72,13393580032,13602854720,2340000,899784192141,0,0,0,0,2419840,866803,3550425088,10066534400,56907,56907,0,744999,262014,660327,637204,2403107,0,0,889,0,3251634176,295698432,0,1,1,5200000,900000000000,1203,1674957,1676160,1203,0,1203,7192,16244820106,0,3269917,2419847,850070,13602854720,10066563520,3536291200,5200000,0,0,1,,,,,,alpha_sensitivity,,,,90923955200.0,293.0,5.0,-1.0,236050166.2775233,0.499234052936092,115662510080.0,83409530880.0,7129137152.0,,,,,,,,,,,,,,,3906,50000000
dynamics,cx5_100g,1048576,32,0,128,2,4,0,0,0,100000000,3831,0,2614552,1633023,514994,64,10709204992,10876536320,2340000,899650898022,0,0,0,0,2225353,981523,4020318208,9257468480,46600,46600,0,626981,262014,529925,514930,1633023,0,0,728,0,3487563776,529530880,0,1,1,5200000,900000000000,1068,1385961,1387029,1068,0,1068,7192,11872673078,0,2614552,2225359,389193,10876536320,9257493440,1619042880,5200000,0,0,1,,,,,,alpha_sensitivity,,,,90457635840.0,178.0,4.0,-1.0,68479125.35540119,0.49862360783574994,74907023360.0,72382668800.0,19098763264.0,,,,,,,,,,,,,,,3906,100000000
dynamics,cx5_100g,1048576,32,0,128,2,4,0,0,0,100000000,6554,0,2419889,741469,217640,32,9911865344,10066738240,2340000,899854385362,0,0,0,0,2208873,1678414,6874783744,9188911680,20239,20239,0,263705,262016,224387,217608,741469,0,0,316,0,5117050880,1755316224,0,1,1,5200000,900000000000,750,630120,630870,750,0,750,7192,11471670156,0,2419889,2208879,211010,10066738240,9188936640,877801600,5200000,0,0,1,,,,,,alpha_sensitivity,,,,90173291520.0,103.0,4.0,-1.0,105856180.07388799,0.4979942288065986,92219013120.0,92265338880.0,90138083328.0,,,,,,,,,,,,,,,3906,200000000
dynamics,cx5_100g,1048576,32,0,128,2,4,0,0,0,100000000,3689,0,2802151,1857326,579096,68,11477610496,11656948160,2340000,899982495923,0,0,0,0,2352327,944821,3869986816,9785680320,52389,52389,0,702025,262016,596402,579028,1857326,0,0,818,0,3409969152,458227712,0,1,1,5200000,900000000000,1211,1565463,1566674,1211,0,1211,7192,11870564477,0,2802151,2352331,449820,11656948160,9785696960,1871251200,5200000,0,0,1,,,,,,alpha_sensitivity,,,,93020195840.0,210.0,5.0,-1.0,60816472.97768584,0.5104605503930789,96755077120.0,90741913600.0,15004336128.0,,,,,,,,,,,,,,,15625,50000000
dynamics,cx5_100g,1048576,32,0,128,2,4,0,0,0,100000000,5959,0,2453679,927531,289435,39,10050269184,10207304640,2340000,899982310965,0,0,0,0,2219368,1526141,6251073536,9232570880,25929,25929,0,348938,262014,297674,289396,927531,0,0,405,0,4755292160,1493172224,0,1,1,5200000,900000000000,864,793074,793938,864,0,864,7192,11655474147,0,2453679,2219375,234304,10207304640,9232600000,974704640,5200000,0,0,1,,,,,,alpha_sensitivity,,,,91526589440.0,113.0,5.0,-1.0,105819167.32377744,0.4916438295287896,89865318400.0,89431879680.0,71268171776.0,,,,,,,,,,,,,,,15625,100000000
dynamics,cx5_100g,1048576,32,0,128,2,4,0,0,0,100000000,7827,0,2441819,437659,124777,16,10001690624,10157967040,2340000,899957528302,0,0,0,0,2307212,2004155,8209018880,9598001920,11714,11714,0,149019,262016,128854,124761,437659,0,0,183,0,5775556608,2431647744,0,1,1,5200000,900000000000,672,366349,367021,672,0,672,7192,11524890588,0,2441819,2307217,134602,10157967040,9598022720,559944320,5200000,0,0,1,,,,,,alpha_sensitivity,,,,90445388800.0,68.0,5.0,-1.0,104107787.46268658,0.49848606809863133,96415221760.0,96415221760.0,94931910656.0,,,,,,,,,,,,,,,15625,200000000
dynamics,cx5_100g,1048576,32,0,128,2,4,0,0,0,100000000,7974,0,2418652,376886,111627,16,9906798592,10061592320,2340000,899967492453,0,0,0,0,2314164,2041761,8363053056,9626922240,10492,10492,0,135322,262016,115633,111611,376886,0,0,163,0,5971640320,2389704704,0,1,1,5200000,900000000000,476,320274,320750,476,0,476,7192,11199666050,0,2418652,2314169,104483,10061592320,9626943040,434649280,5200000,0,0,1,,,,,,alpha_sensitivity,,,,95455426560.0,49.0,5.0,-1.0,107326814.76577508,0.5041210699776023,95808593920.0,95808593920.0,94334615552.0,,,,,,,,,,,,,,,62500,50000000
dynamics,cx5_100g,1048576,32,0,128,2,4,0,0,0,100000000,5752,0,1916330,443539,137420,50,7849287680,7971932800,2340000,899998797427,0,0,0,0,1825450,1472785,6032527360,7593872000,14758,14758,0,189659,262016,141217,137370,443539,0,0,230,0,4739563520,1291845632,0,1,1,5200000,900000000000,410,448376,448786,410,0,410,7192,11347767326,0,1916330,1825456,90874,7971932800,7593896960,378035840,5200000,0,0,1,,,,,,alpha_sensitivity,,,,93905909760.0,44.0,4.0,-1.0,264442073.45056888,0.47388904020616396,50829475840.0,50829342720.0,40525496320.0,,,,,,,,,,,,,,,62500,100000000
dynamics,cx5_100g,1048576,32,0,128,2,4,0,0,0,100000000,8429,0,2408515,250103,73626,8,9865277440,10019422400,2340000,899820750886,0,0,0,0,2338791,2158406,8840830976,9729370560,6660,6660,0,88919,262014,75877,73618,250103,0,0,104,0,6101663744,2736783360,0,1,1,5200000,900000000000,401,197928,198329,401,0,401,7192,11003038336,0,2408515,2338797,69718,10019422400,9729395520,290026880,5200000,0,0,1,,,,,,alpha_sensitivity,,,,91335495680.0,37.0,4.0,-1.0,107773043.15649478,0.49734434321480386,95792619520.0,95792619520.0,94318886912.0,,,,,,,,,,,,,,,62500,200000000
